Email No.,the,to,ect,and,for,of,a,you,hou,in,on,is,this
Email 2933,2,4,1,1,0,1,20,2,0,1,5,2,0
Email 2934,0,2,3,0,5,0,19,0,1,0,4,4,0
Email 2935,6,1,1,0,3,0,26,1,0,6,7,4,1
Email 2936,2,2,2,0,1,0,19,1,2,6,6,1,0
Email 2937,2,4,10,0,4,3,51,1,4,5,5,5,3
Email 2938,5,3,10,6,5,2,67,2,2,4,9,5,1
Email 2939,4,2,2,0,2,2,9,3,1,5,4,2,0
Email 2940,0,0,1,0,0,0,5,0,0,0,1,0,0
Email 2941,2,2,3,2,0,0,10,0,0,2,3,0,0
Email 2942,2,2,2,0,1,2,27,0,0,12,1,1,0
Email 2943,0,0,1,1,1,0,6,0,0,1,2,1,0
Email 2944,1,2,2,0,3,3,16,1,0,3,4,3,0
Email 2945,0,0,1,0,1,0,2,0,0,0,0,0,0
Email 2946,0,0,1,0,1,0,15,0,0,0,5,0,0
Email 2947,2,1,1,2,1,0,52,0,0,6,3,0,0
Email 2948,4,5,1,1,0,4,18,13,0,7,11,1,0
Email 2949,5,3,10,6,5,2,67,2,2,4,9,5,1
Email 2950,0,0,1,0,0,0,5,0,0,0,1,0,0
Email 2951,43,24,1,3,4,2,108,3,3,20,33,10,4
Email 2952,1,4,8,2,3,1,44,5,3,4,14,0,0
Email 2953,0,1,2,1,0,1,38,0,0,1,6,3,0
Email 2954,14,1,16,0,13,4,61,0,7,15,31,1,0
Email 2955,30,17,1,16,13,20,170,16,2,42,47,23,6
Email 2956,2,2,2,0,2,2,10,0,0,2,2,2,0
Email 2957,1,0,1,0,0,1,9,1,0,1,3,0,0
Email 2958,8,0,1,0,7,2,25,0,0,6,5,0,0
Email 2959,0,1,5,0,1,0,10,0,2,0,2,2,0
Email 2960,0,0,1,0,0,0,4,0,0,0,1,0,0
Email 2961,0,0,1,0,1,0,2,0,0,0,0,0,0
Email 2962,0,0,1,0,1,0,5,0,0,0,2,0,0
Email 2963,4,7,9,6,4,1,80,12,3,10,19,8,5
Email 2964,1,2,4,0,2,0,23,0,2,7,10,2,1
Email 2965,0,9,3,0,1,0,22,0,1,0,14,4,0
Email 2966,6,3,1,2,3,0,26,2,0,4,10,5,1
Email 2967,8,2,3,5,2,4,37,1,0,11,3,6,2
Email 2968,4,3,1,1,2,0,11,1,0,1,2,0,0
Email 2969,1,1,1,0,1,0,18,1,0,2,2,1,0
Email 2970,0,0,1,0,1,0,2,0,0,0,0,0,0
Email 2971,0,6,4,3,1,17,80,0,0,14,17,4,0
Email 2972,0,0,1,0,1,0,5,0,0,0,2,0,0
Email 2973,1,1,1,0,1,0,6,0,0,1,1,0,0
Email 2974,12,15,1,6,2,8,66,2,6,11,21,10,2
Email 2975,17,2,31,0,18,5,95,0,14,24,56,2,0
Email 2976,6,2,1,0,1,1,30,3,1,4,2,0,0
Email 2977,5,1,1,0,1,0,30,1,0,5,4,1,0
Email 2978,0,0,1,0,1,2,17,0,0,3,2,3,1
Email 2979,0,0,1,0,1,0,2,0,0,0,1,0,0
Email 2980,0,0,1,0,1,0,5,0,0,0,2,0,0
Email 2981,1,3,1,0,1,0,32,1,0,6,4,1,0
Email 2982,0,0,1,0,1,0,2,0,0,0,1,0,0
Email 2983,4,4,25,0,5,2,44,1,12,11,7,5,0
Email 2984,2,6,5,3,4,5,76,11,0,27,9,6,1
Email 2985,6,2,1,0,1,1,30,3,1,4,2,0,0
Email 2986,3,6,1,3,0,1,21,0,0,3,6,2,1
Email 2987,0,5,1,1,0,1,20,7,0,5,3,1,0
Email 2988,15,12,1,7,3,5,77,9,1,22,13,14,1
Email 2989,2,5,4,0,0,3,14,0,0,3,0,0,0
Email 2990,0,0,1,0,1,0,2,0,0,0,0,0,0
Email 2991,0,0,1,0,1,0,5,0,0,0,1,0,0
Email 2992,7,6,1,1,4,0,30,1,1,6,6,6,3
Email 2993,1,0,1,1,0,0,8,0,0,0,1,1,0
Email 2994,3,3,4,3,2,0,20,2,1,4,1,1,0
Email 2995,0,0,1,0,1,0,1,1,0,0,0,0,0
Email 2996,0,1,2,0,0,0,14,0,1,4,3,1,0
Email 2997,5,6,9,9,3,7,85,1,4,21,8,2,1
Email 2998,5,1,1,2,2,5,30,2,0,3,4,1,1
Email 2999,9,9,4,6,3,3,78,3,1,5,8,9,4
Email 3000,0,0,1,0,1,0,5,0,0,0,4,0,0
Email 3001,0,2,2,0,1,0,27,0,0,6,6,3,0
Email 3002,3,2,1,1,2,2,13,0,0,4,2,2,1
Email 3003,0,0,1,0,1,0,2,0,0,0,0,0,0
Email 3004,9,9,4,6,3,3,78,3,1,5,8,9,4
Email 3005,4,2,2,1,3,1,33,0,1,12,11,2,0
Email 3006,2,1,2,0,3,0,14,0,0,0,7,1,0
Email 3007,0,1,1,0,0,1,5,0,0,0,2,0,0
Email 3008,12,9,4,3,5,4,66,1,1,17,17,16,7
Email 3009,17,6,2,7,4,8,58,2,0,13,9,6,0
Email 3010,0,1,1,1,1,1,14,0,0,0,1,2,0
Email 3011,6,2,1,1,4,2,50,1,0,8,10,2,1
Email 3012,2,4,1,3,0,2,24,2,0,1,5,1,0
Email 3013,0,4,2,0,0,2,23,2,0,5,7,6,4
Email 3014,4,3,1,1,4,0,30,0,0,6,2,1,0
Email 3015,2,3,1,0,4,0,15,0,0,2,1,2,0
Email 3016,4,4,1,1,1,1,34,2,0,13,4,3,0
Email 3017,0,0,1,0,1,0,2,0,0,0,0,0,0
Email 3018,1,6,1,1,0,1,27,0,0,4,6,6,3
Email 3019,0,0,1,0,1,0,3,0,0,0,2,0,0
Email 3020,2,3,2,3,5,6,46,2,1,11,9,6,3
Email 3021,1,1,2,0,0,0,5,0,0,1,2,2,0
Email 3022,1,1,3,0,0,0,2,0,0,0,0,1,0
Email 3023,7,4,1,3,1,2,32,5,0,8,8,1,0
Email 3024,4,3,1,1,4,0,30,0,0,6,2,1,0
Email 3025,2,3,1,0,4,0,15,0,0,2,1,2,0
Email 3026,2,1,1,0,2,0,23,4,0,3,3,0,0
Email 3027,1,0,1,1,0,0,8,0,0,1,0,3,1
Email 3028,4,2,6,3,2,1,33,0,4,5,3,4,1
Email 3029,0,0,1,0,0,2,8,0,0,2,3,0,0
Email 3030,3,0,1,2,2,1,14,0,1,3,2,1,0
Email 3031,41,33,12,17,10,12,296,7,1,42,50,29,6
Email 3032,9,1,1,2,0,2,26,1,1,8,2,4,2
Email 3033,4,4,2,3,4,6,40,1,1,6,8,10,4
Email 3034,11,5,5,2,7,0,61,1,3,12,9,4,1
Email 3035,0,0,1,0,0,0,21,0,0,6,0,2,0
Email 3036,0,0,1,0,1,0,3,0,0,0,3,0,0
Email 3037,0,0,1,0,1,0,2,0,0,0,0,0,0
Email 3038,11,5,5,2,7,0,61,1,3,12,9,4,1
Email 3039,6,4,1,1,2,2,24,4,0,9,3,2,0
Email 3040,1,10,1,6,3,2,47,7,0,15,5,7,3
Email 3041,5,6,3,12,2,1,73,1,1,8,16,3,2
Email 3042,0,0,1,0,0,0,1,1,0,2,0,1,0
Email 3043,12,7,1,3,3,3,49,2,2,12,4,10,2
Email 3044,0,0,1,0,1,0,2,0,0,0,0,0,0
Email 3045,0,0,1,0,1,0,3,0,0,0,2,0,0
Email 3046,4,4,11,1,1,2,30,0,6,4,10,2,0
Email 3047,14,11,10,2,3,4,62,1,7,17,22,13,3
Email 3048,12,7,1,3,3,3,49,2,2,12,4,10,2
Email 3049,3,6,2,3,1,4,54,7,0,10,14,6,1
Email 3050,1,1,1,0,1,0,12,1,0,2,1,1,0
Email 3051,0,0,1,0,1,0,5,0,0,0,3,0,0
Email 3052,0,0,1,0,1,0,2,0,0,0,0,0,0
Email 3053,1,1,1,0,1,0,12,1,0,2,1,1,0
Email 3054,5,1,1,1,2,2,36,3,0,8,6,7,1
Email 3055,3,6,5,4,1,4,98,10,0,22,16,4,1
Email 3056,2,5,1,1,2,0,18,0,1,1,4,2,1
Email 3057,3,8,2,1,3,0,45,1,1,3,10,2,1
Email 3058,2,3,1,1,0,0,5,0,0,3,3,0,0
Email 3059,8,4,1,1,0,3,22,0,0,2,2,1,0
Email 3060,0,1,1,1,1,0,9,1,0,1,0,1,0
Email 3061,6,7,1,0,2,3,26,1,0,3,4,1,0
Email 3062,33,16,4,15,4,3,108,5,1,27,14,5,0
Email 3063,0,0,1,0,1,0,2,0,0,0,0,0,0
Email 3064,0,0,1,0,1,0,11,0,0,0,5,0,0
Email 3065,2,0,1,0,0,1,5,0,0,1,3,1,0
Email 3066,0,1,2,0,0,0,14,0,1,4,3,1,0
Email 3067,1,0,1,2,2,1,19,2,0,3,3,0,0
Email 3068,1,1,1,2,2,0,16,1,0,3,1,1,0
Email 3069,1,3,1,1,3,1,20,1,0,4,4,0,0
Email 3070,0,1,2,0,0,0,10,0,1,2,2,1,0
Email 3071,10,15,13,1,4,5,82,2,5,8,13,1,0
Email 3072,3,3,1,0,0,1,19,5,1,8,2,5,1
Email 3073,13,8,5,4,5,3,65,2,3,12,6,11,2
Email 3074,2,1,1,0,0,1,8,0,0,3,3,1,0
Email 3075,40,26,13,5,3,15,173,12,7,39,43,8,2
Email 3076,0,2,1,0,0,0,15,0,1,3,1,1,0
Email 3077,0,2,1,0,0,0,16,0,1,3,1,1,0
Email 3078,0,0,1,0,1,0,2,0,0,0,0,0,0
Email 3079,1,2,1,0,0,2,7,2,0,1,3,0,0
Email 3080,0,0,1,0,1,0,5,0,0,0,3,0,0
Email 3081,13,8,5,4,5,3,65,2,3,12,6,11,2
Email 3082,13,8,5,8,8,6,83,0,0,21,17,8,2
Email 3083,0,1,1,1,1,0,9,1,0,1,0,1,0
Email 3084,6,11,11,1,7,2,71,3,3,8,15,3,1
Email 3085,11,13,9,4,1,3,62,2,3,9,7,8,3
Email 3086,1,2,2,0,4,0,22,4,0,4,5,2,1
Email 3087,1,1,1,0,2,0,25,4,0,3,5,0,0
Email 3088,22,14,27,5,5,5,134,7,15,19,28,15,4
Email 3089,8,7,7,1,6,0,61,0,4,9,9,2,0
Email 3090,20,12,2,8,5,6,80,7,4,23,12,14,1
Email 3091,4,1,1,1,2,1,12,0,0,1,1,0,0
Email 3092,0,0,1,0,1,0,2,0,0,0,0,0,0
Email 3093,0,0,1,0,1,0,5,0,0,0,2,0,0
Email 3094,8,7,7,1,6,0,61,0,4,9,9,2,0
Email 3095,4,1,1,1,2,1,12,0,0,1,1,0,0
Email 3096,20,23,22,12,3,3,130,8,7,15,17,16,6
Email 3097,47,39,19,20,18,20,268,18,8,56,48,19,7
Email 3098,13,12,1,3,1,3,44,0,0,9,13,3,1
Email 3099,4,5,1,1,2,3,18,0,0,3,1,2,1
Email 3100,4,5,1,1,2,3,22,0,0,3,1,2,1
Email 3101,29,20,11,8,10,8,149,3,6,28,22,22,8
Email 3102,42,23,11,11,10,11,188,4,7,29,31,28,9
Email 3103,0,2,1,0,0,0,27,1,1,3,2,1,0
Email 3104,0,0,1,0,1,0,2,0,0,0,0,0,0
Email 3105,0,0,2,0,0,0,12,0,0,0,6,3,0
Email 3106,0,0,1,0,1,0,5,0,0,0,2,0,0
Email 3107,15,10,8,4,7,7,94,6,1,17,10,9,2
Email 3108,13,6,1,3,1,3,51,0,1,7,11,8,2
Email 3109,37,20,40,16,24,3,209,29,17,22,24,15,3
Email 3110,0,1,3,0,0,0,27,0,0,9,5,2,0
Email 3111,1,0,2,0,1,0,4,0,1,0,1,0,0
Email 3112,1,0,1,0,0,0,3,0,0,2,1,1,0
Email 3113,2,6,1,2,2,3,44,4,1,6,8,7,4
Email 3114,3,0,4,0,1,0,8,0,0,3,1,0,0
Email 3115,0,0,1,0,1,0,2,0,0,0,0,0,0
Email 3116,3,2,1,2,2,2,42,1,1,3,4,8,3
Email 3117,0,0,1,0,1,0,5,0,0,0,1,0,0
Email 3118,2,1,1,0,0,1,14,0,0,2,4,1,1
Email 3119,7,8,1,1,3,3,25,0,0,3,2,2,0
Email 3120,7,4,1,1,0,1,34,0,0,9,1,4,0
Email 3121,0,0,1,0,1,0,2,0,0,0,1,0,0
Email 3122,0,0,1,0,1,0,11,0,0,0,4,0,0
Email 3123,23,10,2,9,6,10,71,5,2,18,12,17,1
Email 3124,0,0,1,0,0,0,21,0,0,6,0,2,0
Email 3125,2,5,2,0,0,1,14,0,0,3,0,0,0
Email 3126,38,25,49,17,27,5,228,31,21,24,25,17,3
Email 3127,0,2,1,0,5,2,10,2,0,0,1,0,0
Email 3128,0,4,14,2,7,2,32,3,6,0,3,2,0
Email 3129,12,9,1,1,2,3,36,0,0,8,5,3,1
Email 3130,3,1,1,2,1,2,32,3,1,3,6,10,4
Email 3131,0,4,1,1,1,11,47,2,1,11,14,2,0
Email 3132,8,8,1,1,2,3,26,0,0,4,3,3,1
Email 3133,3,9,30,2,12,2,61,5,14,2,8,3,0
Email 3134,10,10,2,1,2,4,30,0,0,6,2,6,2
Email 3135,15,15,1,12,4,5,95,3,1,11,7,4,2
Email 3136,38,16,2,10,9,18,214,2,4,33,22,15,5
Email 3137,2,2,3,2,0,0,12,0,0,2,3,0,0
Email 3138,0,0,1,0,1,0,2,0,0,0,1,0,0
Email 3139,0,0,1,0,1,0,5,0,0,0,1,0,0
Email 3140,2,8,11,0,1,0,37,0,5,2,5,0,0
Email 3141,1,6,3,0,0,0,15,0,0,2,1,0,0
Email 3142,19,21,30,9,10,8,176,3,13,31,36,26,12
Email 3143,9,12,3,4,2,5,53,7,0,14,11,3,1
Email 3144,0,4,1,2,1,2,13,6,0,6,2,1,0
Email 3145,0,0,1,0,0,0,3,0,0,2,1,0,0
Email 3146,1,5,1,1,3,0,9,0,0,2,1,0,0
Email 3147,9,15,20,4,2,5,80,8,8,14,23,3,1
Email 3148,9,15,20,4,2,5,82,8,8,15,24,3,1
Email 3149,9,18,37,4,2,5,107,9,16,14,34,3,1
Email 3150,9,15,20,4,2,5,80,8,8,14,23,3,1
Email 3151,3,2,1,1,1,1,14,1,0,4,3,1,0
Email 3152,3,2,5,2,4,1,41,2,3,12,6,4,2
Email 3153,10,5,1,13,4,1,62,11,3,14,5,4,0
Email 3154,0,0,1,0,1,0,2,0,0,0,0,0,0
Email 3155,0,0,1,0,1,0,5,0,0,0,2,0,0
Email 3156,2,4,1,1,2,1,24,0,1,5,5,0,0
Email 3157,4,2,1,0,1,2,27,0,1,2,3,1,1
Email 3158,1,8,31,2,15,4,67,9,14,2,9,4,1
Email 3159,3,1,1,0,0,1,6,0,0,1,3,1,0
Email 3160,7,8,1,0,1,6,36,7,0,5,7,1,1
Email 3161,2,2,1,0,0,1,9,2,0,2,2,1,0
Email 3162,8,7,1,1,2,3,35,0,0,6,5,1,0
Email 3163,43,28,59,18,29,5,250,33,26,28,27,17,3
Email 3164,2,1,1,0,3,2,16,2,0,5,4,2,2
Email 3165,6,4,2,1,2,8,39,5,2,5,5,8,1
Email 3166,1,4,2,1,2,6,40,2,1,8,6,10,4
Email 3167,1,4,2,1,1,1,37,4,1,6,7,11,4
Email 3168,3,0,1,2,2,0,24,1,1,3,5,2,0
Email 3169,0,0,1,0,1,0,5,0,0,0,2,0,0
Email 3170,3,7,1,4,2,0,31,7,0,8,7,4,2
Email 3171,0,0,1,0,1,0,2,0,0,0,0,0,0
Email 3172,17,15,2,11,10,9,116,18,0,30,21,16,4
Email 3173,5,6,3,4,6,2,51,5,0,9,6,3,0
Email 3174,1,2,1,0,1,0,7,0,0,2,0,2,0
Email 3175,0,1,1,0,0,0,4,0,0,1,0,0,0
Email 3176,0,3,1,0,0,1,25,0,0,4,6,1,0
Email 3177,2,2,3,0,2,0,26,1,2,2,7,1,0
Email 3178,0,1,2,0,0,1,20,0,0,2,2,0,0
Email 3179,3,4,2,2,5,0,34,2,0,4,7,1,0
Email 3180,22,10,2,7,5,10,96,8,1,29,12,16,0
Email 3181,0,0,1,1,1,0,30,0,0,7,6,1,0
Email 3182,7,7,1,1,2,3,27,0,0,3,4,2,0
Email 3183,7,9,1,3,6,8,105,6,0,15,22,10,1
Email 3184,3,5,2,0,2,6,29,4,0,10,6,4,1
Email 3185,5,6,1,1,2,3,20,0,0,4,3,6,3
Email 3186,52,51,1,28,21,8,253,3,0,34,29,6,1
Email 3187,1,1,7,0,5,1,27,1,3,1,8,3,0
Email 3188,2,4,5,1,5,1,29,1,4,6,3,3,0
Email 3189,2,0,1,0,1,2,9,1,0,1,4,1,0
Email 3190,1,5,1,1,1,2,32,3,2,4,6,9,3
Email 3191,0,0,1,0,1,0,2,0,0,0,0,0,0
Email 3192,0,0,1,0,0,0,17,0,0,0,6,0,0
Email 3193,2,4,1,1,0,1,27,2,0,4,8,3,0
Email 3194,19,14,6,6,6,14,85,6,0,50,23,13,3
Email 3195,3,1,1,4,1,0,21,3,0,4,0,1,0
Email 3196,9,7,1,1,5,4,40,0,0,5,6,4,3
Email 3197,9,10,2,1,2,4,31,0,0,6,2,5,2
Email 3198,4,2,1,1,2,3,20,0,1,1,5,1,0
Email 3199,0,0,1,0,1,0,2,0,0,0,0,0,0
Email 3200,0,0,1,0,0,0,6,0,0,0,3,0,0
Email 3201,2,1,1,0,0,2,16,0,0,2,1,0,0
Email 3202,0,4,2,0,1,0,14,0,0,0,10,1,0
Email 3203,0,4,2,0,3,0,14,0,0,0,10,1,0
Email 3204,7,8,2,2,3,3,27,0,0,8,2,3,1
Email 3205,14,9,6,1,3,1,31,8,7,11,8,1,0
Email 3206,8,6,1,1,2,3,30,0,0,6,3,3,1
Email 3207,0,11,3,0,3,0,78,0,0,23,21,5,1
Email 3208,8,6,1,2,2,3,36,0,0,7,3,3,1
Email 3209,4,7,1,1,2,3,26,0,0,6,4,5,3
Email 3210,14,7,6,6,5,0,56,4,2,9,11,9,4
Email 3211,10,9,1,1,2,5,37,0,0,5,6,3,2
Email 3212,0,0,1,0,1,0,2,0,0,0,0,0,0
Email 3213,0,0,1,0,1,0,6,0,0,0,3,0,0
Email 3214,11,14,2,7,4,8,92,10,1,29,9,9,3
Email 3215,4,8,1,1,2,0,37,4,0,5,3,0,0
Email 3216,10,5,1,1,1,3,47,0,1,11,8,2,1
Email 3217,1,4,3,3,1,2,28,1,3,5,7,15,4
Email 3218,1,2,1,3,2,1,31,5,0,11,5,2,0
Email 3219,0,2,3,0,1,0,19,0,1,0,6,3,0
Email 3220,0,3,3,1,1,0,46,5,1,0,11,1,1
Email 3221,3,9,1,1,2,1,83,4,1,13,11,7,1
Email 3222,6,7,1,4,3,5,62,4,0,15,11,6,1
Email 3223,40,19,10,11,12,19,245,3,7,35,30,15,5
Email 3224,0,0,1,1,0,0,6,0,0,0,0,0,0
Email 3225,0,0,1,0,1,0,6,0,0,0,3,0,0
Email 3226,1,0,1,0,1,0,5,0,0,0,2,0,0
Email 3227,0,2,3,0,0,0,28,0,1,7,8,1,0
Email 3228,9,6,4,3,3,4,72,1,0,15,16,4,2
Email 3229,4,4,4,0,2,1,23,0,1,5,4,3,1
Email 3230,0,5,1,0,1,1,5,1,0,2,0,1,0
Email 3231,1,0,1,0,1,1,16,1,0,0,2,2,1
Email 3232,5,2,1,1,3,1,22,1,1,0,1,2,0
Email 3233,6,6,1,3,1,2,44,3,0,12,4,8,3
Email 3234,4,4,1,2,0,1,28,0,0,6,1,2,0
Email 3235,1,2,2,2,2,1,28,1,0,2,2,3,0
Email 3236,0,0,1,0,1,0,4,0,0,0,0,0,0
Email 3237,0,0,1,0,1,0,16,0,0,0,5,0,0
Email 3238,15,8,4,4,5,7,80,6,2,15,10,13,0
Email 3239,1,10,1,6,3,2,48,7,0,15,6,7,3
Email 3240,0,0,2,1,0,0,6,0,0,0,0,0,0
Email 3241,2,1,1,1,0,2,9,1,0,1,4,0,0
Email 3242,8,2,3,3,2,1,58,0,0,9,13,0,0
Email 3243,5,6,1,1,4,4,25,0,0,5,4,5,3
Email 3244,0,0,1,0,1,0,4,0,0,0,0,0,0
Email 3245,0,0,1,0,0,0,8,0,0,1,4,1,0
Email 3246,6,5,2,0,0,1,33,1,0,3,6,2,0
Email 3247,2,2,3,3,0,2,25,7,0,4,5,1,1
Email 3248,3,4,3,1,0,3,22,2,0,11,5,3,1
Email 3249,8,9,1,1,0,2,30,0,0,8,7,2,1
Email 3250,3,1,2,2,3,0,29,0,1,13,7,3,2
Email 3251,4,1,1,3,1,0,17,2,0,1,0,1,0
Email 3252,0,0,1,0,1,0,5,0,0,0,3,0,0
Email 3253,4,2,1,1,1,2,23,0,0,4,4,1,1
Email 3254,9,9,4,5,9,3,85,16,0,20,14,8,6
Email 3255,2,3,1,5,2,7,50,2,1,14,9,8,4
Email 3256,0,0,1,0,1,0,4,0,0,0,0,0,0
Email 3257,0,0,1,0,0,0,0,0,0,0,0,0,0
Email 3258,0,0,1,0,1,0,5,0,0,0,3,0,0
Email 3259,2,1,1,0,1,1,23,1,0,2,1,3,2
Email 3260,5,0,1,1,2,0,21,2,0,1,0,6,2
Email 3261,4,6,1,4,3,1,30,1,0,1,2,0,0
Email 3262,0,0,1,0,0,0,3,1,0,1,0,1,0
Email 3263,17,9,4,7,5,0,98,0,2,9,6,7,3
Email 3264,9,10,1,1,3,2,67,2,2,5,22,9,0
Email 3265,0,3,1,1,1,0,9,2,0,5,0,4,2
Email 3266,0,0,1,0,0,0,0,0,0,0,0,0,0
Email 3267,0,0,1,0,1,0,4,0,0,0,0,0,0
Email 3268,62,73,19,44,38,36,443,3,3,133,67,69,18
Email 3269,4,0,2,1,1,2,21,1,1,3,4,0,0
Email 3270,2,1,1,1,2,0,19,0,0,6,3,1,0
Email 3271,0,1,1,0,1,0,15,2,0,3,3,3,1
Email 3272,7,12,8,4,4,5,92,6,3,22,18,11,8
Email 3273,3,8,1,1,2,3,21,0,0,5,3,5,2
Email 3274,10,12,2,1,2,3,37,0,0,11,2,4,1
Email 3275,3,9,1,1,1,4,35,7,0,5,6,1,1
Email 3276,3,3,1,1,1,0,15,1,0,5,0,3,2
Email 3277,0,0,1,0,1,0,4,0,0,0,0,0,0
Email 3278,1,0,1,1,1,0,17,1,0,2,2,1,0
Email 3279,0,0,1,0,1,0,12,0,0,0,3,0,0
Email 3280,0,0,1,0,0,0,7,0,0,0,0,0,0
Email 3281,5,3,1,7,4,4,58,5,0,10,10,2,0
Email 3282,0,0,1,0,0,0,2,0,0,0,1,1,0
Email 3283,10,18,3,9,2,3,60,0,0,15,10,10,3
Email 3284,4,7,15,1,2,1,60,3,6,9,8,10,5
Email 3285,2,0,1,1,2,0,12,1,0,1,4,2,2
Email 3286,2,0,1,1,2,1,18,1,0,2,2,3,1
Email 3287,11,23,9,10,2,3,89,1,2,17,13,11,4
Email 3288,0,0,1,0,0,0,0,0,0,0,0,0,0
Email 3289,12,18,1,8,8,10,121,20,1,22,19,12,1
Email 3290,0,0,1,0,1,0,4,0,0,0,0,0,0
Email 3291,3,3,1,1,0,5,16,1,0,4,0,2,0
Email 3292,0,0,1,0,1,0,4,0,0,1,1,2,0
Email 3293,4,1,1,3,1,1,25,0,0,4,1,6,3
Email 3294,0,0,1,0,0,1,3,0,0,0,1,0,0
Email 3295,23,21,18,7,25,5,207,2,6,40,65,7,2
Email 3296,23,19,13,5,20,4,176,0,5,34,57,7,2
Email 3297,15,15,7,3,14,3,127,0,3,22,44,3,1
Email 3298,8,17,3,10,11,7,189,24,3,28,40,15,7
Email 3299,3,5,1,0,0,0,8,2,0,1,2,4,2
Email 3300,13,11,1,9,7,7,112,29,0,33,22,15,4
Email 3301,0,0,1,0,1,0,5,0,0,0,2,0,0
Email 3302,3,8,2,2,3,0,53,8,1,11,6,8,2
Email 3303,0,0,1,0,1,0,4,0,0,0,0,0,0
Email 3304,0,2,2,2,0,2,31,0,0,2,4,2,0
Email 3305,11,7,1,2,5,4,48,2,0,8,10,8,6
Email 3306,9,7,10,3,2,5,66,1,4,8,12,5,3
Email 3307,8,5,2,3,5,0,68,1,0,20,11,5,1
Email 3308,7,2,1,2,3,3,33,2,0,5,2,2,1
Email 3309,16,19,10,6,3,3,68,25,0,17,22,11,1
Email 3310,8,6,22,1,4,1,97,4,9,4,16,7,4
Email 3311,6,5,15,1,3,1,72,3,6,3,11,7,4
Email 3312,2,3,1,0,1,1,16,6,0,3,3,2,0
Email 3313,12,20,6,6,13,5,160,7,2,34,39,13,6
Email 3314,4,2,8,1,3,1,51,2,3,3,7,7,4
Email 3315,0,0,2,4,1,0,26,2,0,5,0,3,0
Email 3316,4,10,1,8,2,3,86,4,3,20,13,5,0
Email 3317,1,6,1,2,3,0,28,8,0,9,7,5,1
Email 3318,4,4,1,1,5,0,26,5,0,11,8,3,1
Email 3319,0,1,1,0,0,0,8,0,0,1,1,0,0
Email 3320,0,0,1,0,1,0,4,0,0,0,0,0,0
Email 3321,0,0,1,2,0,1,26,0,0,4,3,2,0
Email 3322,0,1,1,0,0,0,8,0,0,1,1,0,0
Email 3323,0,0,1,0,1,0,5,0,0,0,2,0,0
Email 3324,4,4,1,0,2,1,22,0,0,6,3,4,0
Email 3325,14,7,2,2,2,4,37,0,1,9,7,5,0
Email 3326,2,2,1,2,1,1,33,2,0,1,6,1,0
Email 3327,21,13,3,8,0,9,108,5,0,32,19,8,4
Email 3328,8,9,2,8,8,3,73,8,0,13,17,4,1
Email 3329,15,15,9,2,3,2,82,3,8,20,22,11,4
Email 3330,2,3,1,0,0,0,21,0,0,3,3,3,0
Email 3331,2,1,1,0,1,2,5,0,0,0,2,0,0
Email 3332,2,0,1,1,0,1,22,0,0,4,0,4,1
Email 3333,13,15,9,1,3,6,47,0,3,12,3,4,1
Email 3334,10,12,4,3,2,7,153,2,7,51,28,11,6
Email 3335,1,1,1,0,0,0,5,1,0,2,1,1,1
Email 3336,7,10,3,8,5,3,82,17,1,18,17,8,4
Email 3337,0,0,1,0,0,0,4,0,0,0,1,1,0
Email 3338,3,10,1,1,1,4,35,8,0,6,6,1,1
Email 3339,0,0,1,0,1,0,4,0,0,0,0,0,0
Email 3340,0,0,1,0,1,0,5,0,0,0,2,0,0
Email 3341,8,7,8,1,2,3,37,0,3,6,3,4,1
Email 3342,16,5,4,4,2,4,102,2,0,15,23,9,2
Email 3343,5,5,3,4,0,2,34,3,0,8,6,1,0
Email 3344,10,73,10,19,2,2,359,0,55,92,146,15,1
Email 3345,1,2,1,2,1,0,16,3,0,2,3,2,1
Email 3346,0,4,1,0,1,1,2,1,0,1,1,1,0
Email 3347,4,6,2,1,8,1,56,8,1,5,18,6,3
Email 3348,0,0,1,0,1,0,13,0,0,0,4,0,0
Email 3349,0,0,1,0,1,0,4,0,0,0,0,0,0
Email 3350,3,1,1,0,0,1,6,1,1,4,3,2,0
Email 3351,2,0,1,2,0,1,12,0,1,3,2,0,0
Email 3352,12,13,5,7,11,6,123,8,1,25,34,15,7
Email 3353,41,38,20,26,18,36,323,4,2,113,60,41,16
Email 3354,0,0,1,0,1,0,3,0,0,0,0,0,0
Email 3355,0,0,1,0,1,0,7,0,0,0,2,0,0
Email 3356,6,6,8,2,4,3,80,1,2,12,19,3,1
Email 3357,0,1,1,0,2,0,6,2,0,2,1,0,0
Email 3358,0,1,1,2,0,1,18,0,0,4,0,1,0
Email 3359,4,3,1,2,2,0,11,1,0,3,4,0,0
Email 3360,4,1,1,3,3,1,25,0,0,1,1,0,0
Email 3361,1,1,1,0,2,0,31,4,0,3,5,1,0
Email 3362,12,14,4,3,14,1,85,10,2,9,24,4,0
Email 3363,12,11,1,2,4,1,46,2,1,12,14,4,1
Email 3364,0,10,2,1,1,10,41,2,0,10,8,3,0
Email 3365,0,0,1,0,1,0,4,0,0,0,0,0,0
Email 3366,0,0,1,0,1,0,5,0,0,0,2,0,0
Email 3367,2,1,2,1,2,2,27,1,1,2,7,8,4
Email 3368,1,4,1,4,2,0,23,0,0,1,0,0,0
Email 3369,0,0,1,0,1,0,3,0,0,0,0,0,0
Email 3370,0,0,1,0,1,0,5,0,0,0,2,0,0
Email 3371,11,3,2,2,2,1,32,1,1,9,6,1,0
Email 3372,2,1,2,1,0,1,11,0,0,0,1,2,0
Email 3373,16,13,5,3,2,8,97,5,5,12,28,7,0
Email 3374,17,4,1,2,4,1,80,3,1,13,16,4,2
Email 3375,1,5,4,0,0,1,33,0,0,14,11,4,2
Email 3376,0,0,1,0,1,0,3,0,0,0,0,0,0
Email 3377,9,17,5,12,10,6,158,26,1,28,21,16,6
Email 3378,0,0,1,0,1,0,5,0,0,0,2,0,0
Email 3379,2,2,1,1,0,0,17,0,0,2,2,1,0
Email 3380,2,5,2,0,1,1,11,1,0,3,3,3,1
Email 3381,18,12,125,7,5,2,198,4,61,29,63,10,2
Email 3382,9,8,3,6,5,3,49,5,1,12,12,14,3
Email 3383,0,3,1,0,0,0,11,1,0,3,1,3,1
Email 3384,2,4,1,3,0,2,53,1,0,10,13,7,0
Email 3385,4,6,15,0,1,1,31,1,6,3,8,5,1
Email 3386,4,2,4,0,1,0,21,1,1,5,3,1,0
Email 3387,1,0,1,0,1,0,9,1,0,0,3,2,1
Email 3388,0,1,2,0,2,0,15,3,0,4,3,2,0
Email 3389,19,6,2,14,9,5,136,0,0,28,21,4,2
Email 3390,4,7,2,2,0,0,36,1,0,8,6,4,3
Email 3391,17,21,1,13,2,7,97,6,0,13,17,10,2
Email 3392,0,0,1,0,1,0,3,0,0,0,0,0,0
Email 3393,0,0,1,0,1,0,10,0,0,0,4,0,0
Email 3394,8,12,2,10,5,2,100,8,2,26,13,2,0
Email 3395,0,0,1,0,0,0,6,0,0,3,1,0,0
Email 3396,1,0,1,0,1,0,3,0,0,0,2,0,0
Email 3397,6,5,2,9,5,6,72,6,0,19,11,5,2
Email 3398,5,2,2,3,2,1,40,6,0,10,7,5,0
Email 3399,14,10,1,6,4,2,48,3,0,11,7,4,1
Email 3400,0,2,1,0,0,0,15,0,0,5,7,2,0
Email 3401,0,0,1,0,1,0,4,0,0,0,0,0,0
Email 3402,0,0,1,0,1,0,5,0,0,0,2,0,0
Email 3403,5,3,1,0,2,4,24,1,0,2,7,5,2
Email 3404,9,6,94,6,2,2,116,0,50,16,29,12,1
Email 3405,0,2,1,0,0,0,10,0,1,2,3,0,0
Email 3406,10,12,6,6,9,4,94,7,1,21,30,14,6
Email 3407,11,10,3,1,1,3,46,1,0,12,9,0,0
Email 3408,0,3,1,1,2,0,44,1,0,4,7,7,2
Email 3409,3,1,1,0,0,0,15,0,0,1,3,0,0
Email 3410,3,1,1,1,0,1,11,1,0,2,0,2,1
Email 3411,4,17,8,3,3,0,89,0,8,10,39,2,0
Email 3412,2,10,6,1,1,0,46,0,4,5,20,0,0
Email 3413,2,4,3,1,0,0,9,0,0,4,3,0,0
Email 3414,0,0,1,0,1,0,4,0,0,0,0,0,0
Email 3415,2,2,3,0,3,1,31,2,2,4,10,1,0
Email 3416,1,2,3,0,4,0,30,0,1,0,8,5,0
Email 3417,5,2,3,0,4,4,49,0,1,0,5,8,1
Email 3418,1,0,3,3,1,0,24,5,0,4,4,1,0
Email 3419,10,13,6,6,10,4,94,7,2,20,30,14,6
Email 3420,5,0,1,2,0,2,16,0,1,2,2,1,0
Email 3421,1,3,1,0,2,0,47,1,0,6,11,7,2
Email 3422,1,3,1,2,1,0,20,6,0,4,2,4,0
Email 3423,4,3,1,1,0,0,19,1,2,5,5,1,0
Email 3424,7,4,1,4,0,2,33,1,0,9,3,5,1
Email 3425,19,17,6,14,9,15,194,7,5,27,35,22,8
Email 3426,0,1,1,0,0,0,6,1,1,0,0,0,0
Email 3427,0,0,1,0,1,0,4,0,0,0,0,0,0
Email 3428,1,1,1,0,0,2,15,1,1,2,1,1,1
Email 3429,0,0,1,0,1,0,4,0,0,0,1,0,0
Email 3430,3,0,1,2,2,0,23,1,1,3,5,2,0
Email 3431,24,18,23,9,7,6,125,4,10,33,40,15,5
Email 3432,8,2,30,1,6,3,62,0,14,8,11,10,0
Email 3433,0,3,1,1,1,1,11,0,0,3,1,1,0
Email 3434,18,10,10,7,3,5,90,1,5,24,33,13,5
Email 3435,0,2,1,0,2,1,20,1,0,1,4,3,0
Email 3436,8,5,3,2,2,0,31,6,0,13,5,6,1
Email 3437,0,1,2,0,0,0,17,0,1,6,5,1,0
Email 3438,4,4,4,0,3,2,50,1,0,7,13,2,0
Email 3439,11,6,2,1,5,6,93,3,1,22,19,10,2
Email 3440,0,0,1,0,0,0,7,0,0,1,1,4,1
Email 3441,3,2,1,2,3,0,44,4,0,13,9,9,1
Email 3442,4,8,1,2,1,2,34,2,0,12,7,1,0
Email 3443,17,12,5,25,6,8,155,1,1,44,38,18,5
Email 3444,2,3,3,0,0,0,7,0,0,2,2,0,0
Email 3445,1,0,1,0,1,0,11,0,0,3,2,5,1
Email 3446,32,13,3,24,19,8,222,70,2,36,25,16,1
Email 3447,0,0,1,0,1,0,4,0,0,0,0,0,0
Email 3448,55,41,9,22,23,46,360,11,7,117,62,48,20
Email 3449,1,7,1,4,0,0,21,2,1,1,3,0,0
Email 3450,24,21,32,10,8,6,151,4,14,36,44,15,5
Email 3451,5,6,1,1,9,2,40,15,1,13,11,1,0
Email 3452,1,0,2,0,0,1,16,4,0,4,3,1,0
Email 3453,4,5,1,6,3,4,58,7,0,17,8,4,1
Email 3454,4,0,1,0,5,0,23,0,0,6,2,0,0
Email 3455,5,2,2,3,2,1,41,6,0,9,6,5,0
Email 3456,2,5,3,0,2,0,41,1,2,7,12,1,0
Email 3457,45,38,7,35,12,27,466,23,1,65,74,38,15
Email 3458,4,1,1,1,0,1,17,1,0,1,3,1,0
Email 3459,4,3,1,0,1,2,14,4,1,6,5,1,0
Email 3460,5,4,1,2,2,3,27,7,0,8,3,2,1
Email 3461,0,0,1,0,1,0,4,0,0,0,0,0,0
Email 3462,0,0,1,0,1,0,6,0,0,0,1,0,0
Email 3463,7,4,17,3,5,3,64,1,7,12,13,10,0
Email 3464,26,18,23,3,7,5,165,1,14,25,42,11,2
Email 3465,3,4,1,0,0,0,21,4,0,3,1,0,0
Email 3466,26,29,7,18,13,21,237,18,1,71,25,16,8
Email 3467,5,6,12,0,2,1,51,0,7,2,1,12,1
Email 3468,10,12,5,6,9,4,98,7,1,22,29,14,6
Email 3469,5,4,6,0,2,1,38,0,5,1,1,8,1
Email 3470,3,2,2,0,1,1,20,0,1,0,0,6,1
Email 3471,42,36,20,26,18,36,319,7,2,112,60,43,16
Email 3472,0,1,1,0,0,1,13,0,0,3,2,0,0
Email 3473,2,4,1,0,2,1,23,1,1,7,4,5,4
Email 3474,10,14,2,1,1,2,40,0,0,7,6,9,4
Email 3475,1,2,2,0,2,3,18,1,0,2,3,3,0
Email 3476,13,25,4,10,10,6,545,0,2,65,46,49,2
Email 3477,0,0,1,0,0,0,2,0,1,1,0,1,1
Email 3478,3,2,1,8,3,2,34,1,0,13,13,2,0
Email 3479,0,0,1,0,1,0,4,0,0,0,0,0,0
Email 3480,0,0,1,0,1,0,5,0,0,0,2,0,0
Email 3481,16,28,5,7,3,1,228,0,1,33,26,18,0
Email 3482,32,17,4,38,9,11,218,0,1,67,44,20,6
Email 3483,3,5,1,3,2,1,34,2,1,4,6,8,4
Email 3484,8,7,9,5,7,1,96,4,4,12,14,4,0
Email 3485,5,6,6,1,7,0,36,1,2,4,10,7,4
Email 3486,1,1,2,0,0,1,9,5,0,2,2,0,0
Email 3487,3,3,1,0,2,0,11,0,0,5,1,4,2
Email 3488,2,0,1,0,1,0,6,0,0,0,1,0,0
Email 3489,0,0,1,0,1,0,3,0,0,0,0,0,0
Email 3490,0,0,1,0,1,0,5,0,0,0,2,0,0
Email 3491,1,0,2,0,0,0,7,0,0,2,1,1,0
Email 3492,4,4,3,5,5,0,66,2,2,7,12,2,0
Email 3493,29,20,22,11,9,3,119,3,12,18,16,11,4
Email 3494,4,3,9,0,6,4,33,2,5,2,5,3,2
Email 3495,4,6,16,0,9,4,54,3,8,4,9,5,3
Email 3496,12,15,21,2,12,5,89,4,9,8,18,8,4
Email 3497,0,0,1,0,0,0,0,0,0,1,0,1,1
Email 3498,5,3,3,0,1,3,19,0,0,0,0,0,0
Email 3499,62,49,17,28,30,46,412,13,5,125,64,62,25
Email 3500,2,4,1,0,2,0,17,1,0,4,2,3,3
Email 3501,3,5,7,0,4,0,27,1,2,5,4,5,4
Email 3502,1,1,1,0,1,2,24,0,0,5,6,4,0
Email 3503,3,6,12,1,7,0,42,1,4,6,6,5,4
Email 3504,0,2,1,2,0,1,32,1,0,4,6,1,0
Email 3505,0,2,1,0,1,0,11,1,0,0,0,0,0
Email 3506,1,2,2,0,0,0,7,0,0,2,1,0,0
Email 3507,1,4,2,0,1,0,9,0,0,2,2,0,0
Email 3508,0,0,1,0,1,0,3,0,0,0,0,0,0
Email 3509,0,0,1,0,1,0,5,0,0,0,2,0,0
Email 3510,11,6,26,3,3,0,71,0,13,8,9,6,2
Email 3511,9,11,15,6,8,1,118,6,6,15,17,6,2
Email 3512,8,2,1,2,6,3,56,6,0,8,13,7,0
Email 3513,1,3,1,1,0,0,16,3,0,2,3,2,1
Email 3514,1,4,2,1,1,0,10,0,0,2,2,0,0
Email 3515,5,2,2,3,2,1,40,5,1,10,7,5,0
Email 3516,1,1,1,0,1,1,7,2,0,5,3,2,1
Email 3517,58,46,17,35,22,37,361,10,5,115,84,59,20
Email 3518,0,0,1,0,1,0,4,0,0,0,2,0,0
Email 3519,0,0,1,0,1,0,3,0,0,0,0,0,0
Email 3520,0,1,1,2,0,1,10,1,1,3,7,1,0
Email 3521,5,4,1,0,1,0,8,1,0,0,0,1,0
Email 3522,3,1,1,1,2,0,13,1,2,0,1,1,1
Email 3523,11,5,4,2,0,5,37,5,1,12,6,1,0
Email 3524,1,4,2,1,1,0,10,0,0,1,2,0,0
Email 3525,5,7,2,7,8,4,87,17,4,20,23,3,1
Email 3526,3,3,1,1,1,1,28,1,2,4,4,9,3
Email 3527,0,0,1,0,1,0,12,0,0,0,3,0,0
Email 3528,0,0,1,0,1,0,3,0,0,0,0,0,0
Email 3529,2,1,4,1,1,0,10,1,1,1,0,0,0
Email 3530,1,1,1,0,1,0,35,1,0,4,5,4,0
Email 3531,6,7,1,2,1,1,29,4,0,5,4,2,1
Email 3532,4,3,1,3,1,5,43,0,2,5,19,2,0
Email 3533,2,3,1,0,1,1,15,2,0,5,4,3,1
Email 3534,7,6,2,1,0,0,37,0,0,7,5,3,2
Email 3535,7,14,2,2,5,1,73,11,0,10,16,4,2
Email 3536,0,0,1,0,0,1,12,0,0,2,1,0,0
Email 3537,9,4,3,5,2,0,50,0,0,8,6,1,0
Email 3538,0,0,1,0,0,0,0,0,1,0,0,0,0
Email 3539,14,2,2,4,3,1,25,1,1,3,3,4,2
Email 3540,0,3,1,1,0,0,19,1,0,2,2,0,0
Email 3541,1,3,2,0,1,0,20,0,0,0,7,2,0
Email 3542,4,1,2,1,2,1,39,1,1,5,6,7,3
Email 3543,5,6,1,1,1,2,32,2,1,7,6,1,0
Email 3544,23,18,89,5,11,2,156,21,51,25,48,16,7
Email 3545,1,0,1,0,0,0,1,0,0,0,0,0,0
Email 3546,2,3,2,0,3,1,30,0,0,3,10,5,1
Email 3547,11,4,1,2,1,8,68,7,0,14,7,16,4
Email 3548,0,0,1,0,1,0,3,0,0,0,0,0,0
Email 3549,1,0,2,0,0,0,10,0,0,0,0,0,0
Email 3550,25,15,4,31,5,41,200,0,0,64,55,14,1
Email 3551,3,10,6,2,4,1,63,1,2,2,25,5,0
Email 3552,0,0,1,0,1,0,3,0,0,0,0,0,0
Email 3553,2,4,2,1,3,1,25,0,0,0,7,3,0
Email 3554,0,1,1,0,0,2,15,1,0,5,1,3,2
Email 3555,2,1,1,0,0,0,32,0,1,3,2,4,0
Email 3556,3,1,1,0,1,0,22,5,0,4,2,2,1
Email 3557,2,6,1,5,2,1,32,1,0,0,4,0,0
Email 3558,0,3,2,0,1,0,22,0,0,0,7,2,0
Email 3559,31,27,38,15,9,6,196,4,21,44,57,20,7
Email 3560,9,5,15,6,2,1,77,0,9,11,13,6,1
Email 3561,8,3,16,5,1,2,54,0,9,12,10,5,1
Email 3562,75,48,27,46,33,55,514,7,4,124,90,46,15
Email 3563,2,5,2,3,1,1,30,3,0,9,6,4,1
Email 3564,7,12,2,6,3,3,220,4,2,34,34,15,0
Email 3565,0,0,1,0,1,0,5,0,0,0,1,1,0
Email 3566,0,3,2,0,1,0,21,0,0,1,7,2,0
Email 3567,0,0,1,0,1,0,3,0,0,0,0,0,0
Email 3568,42,19,1,8,7,8,212,0,3,51,29,17,1
Email 3569,0,0,1,0,1,0,6,0,0,0,1,1,0
Email 3570,2,6,3,0,2,1,21,2,0,8,8,5,3
Email 3571,0,0,2,1,1,0,5,0,1,1,2,0,0
Email 3572,0,0,1,0,0,0,2,0,0,0,0,0,0
Email 3573,2,3,1,0,1,28,176,2,0,18,40,8,0
Email 3574,0,0,1,0,0,0,0,0,0,0,0,0,0
Email 3575,0,3,2,0,3,0,18,0,0,0,7,2,0
Email 3576,0,0,1,0,1,0,3,0,0,0,0,0,0
Email 3577,4,5,1,1,3,1,31,1,0,2,3,2,1
Email 3578,1,0,1,1,4,0,19,1,1,2,3,1,1
Email 3579,0,0,1,0,0,0,0,0,0,0,0,0,0
Email 3580,0,3,2,0,1,0,20,0,0,0,7,2,0
Email 3581,0,0,1,0,1,0,3,0,0,0,0,0,0
Email 3582,0,2,1,0,0,0,8,0,0,0,1,1,0
Email 3583,5,7,11,4,0,1,53,1,2,3,11,1,1
Email 3584,1,2,1,0,1,1,36,0,1,10,3,1,0
Email 3585,2,4,6,2,0,1,32,1,1,3,5,0,0
Email 3586,2,1,1,2,0,1,16,0,0,3,0,0,0
Email 3587,0,0,1,0,1,0,3,0,0,0,1,0,0
Email 3588,5,1,1,4,3,5,33,0,0,2,1,5,2
Email 3589,0,0,1,0,1,0,3,0,0,0,1,0,0
Email 3590,0,3,1,4,0,0,26,4,0,9,3,4,2
Email 3591,8,6,2,8,2,3,101,6,0,19,53,8,1
Email 3592,3,4,2,0,4,0,26,0,0,1,7,2,0
Email 3593,9,6,93,3,2,2,110,0,49,15,28,12,1
Email 3594,31,28,55,16,9,6,218,4,29,47,59,22,7
Email 3595,9,6,94,5,2,2,116,0,50,17,29,13,1
Email 3596,6,6,3,6,0,3,52,3,0,9,3,4,1
Email 3597,0,0,1,0,2,2,33,0,0,5,3,0,0
Email 3598,43,19,1,8,7,7,216,1,3,52,30,18,1
Email 3599,15,15,6,8,8,5,109,7,1,30,24,10,1
Email 3600,1,1,1,0,2,1,26,1,0,3,2,1,0
Email 3601,2,1,1,1,0,0,10,2,0,0,4,0,0
Email 3602,0,0,1,0,1,0,2,0,0,0,0,0,0
Email 3603,8,4,2,2,4,0,37,1,0,6,6,3,0
Email 3604,0,0,1,0,0,0,0,0,0,0,0,0,0
Email 3605,2,3,1,2,2,0,18,1,0,3,1,2,1
Email 3606,11,5,4,7,5,11,85,1,1,11,3,8,5
Email 3607,1,2,1,0,2,0,14,2,0,1,5,1,0
Email 3608,0,1,1,0,2,2,10,0,0,0,0,3,0
Email 3609,0,0,1,0,1,0,2,0,0,0,0,0,0
Email 3610,2,3,3,1,0,0,33,1,0,8,5,4,0
Email 3611,9,31,4,14,1,1,439,0,0,54,75,44,0
Email 3612,22,16,24,1,3,3,118,7,14,18,33,12,5
Email 3613,5,5,1,4,4,0,22,0,0,7,5,7,1
Email 3614,0,0,2,1,0,1,28,0,0,8,4,2,0
Email 3615,70,51,15,41,24,47,475,12,1,146,82,71,21
Email 3616,2,0,1,1,3,0,16,1,0,2,5,2,1
Email 3617,5,8,11,4,4,0,51,0,6,13,13,10,2
Email 3618,42,19,1,8,7,8,215,0,3,52,29,17,1
Email 3619,0,3,2,0,3,0,21,0,0,1,7,2,0
Email 3620,1,3,3,0,0,0,24,0,0,5,6,3,0
Email 3621,2,5,1,0,0,0,29,0,0,10,6,3,1
Email 3622,3,2,24,0,3,1,33,0,11,1,7,6,0
Email 3623,5,5,1,0,1,0,32,1,1,6,12,7,1
Email 3624,70,51,15,40,24,47,473,12,1,146,82,72,21
Email 3625,3,2,11,0,3,1,39,1,5,4,6,6,2
Email 3626,8,8,2,10,4,3,124,3,0,31,27,9,2
Email 3627,5,8,8,0,3,0,45,5,4,4,15,0,0
Email 3628,3,2,3,1,4,0,48,3,2,0,10,5,1
Email 3629,4,6,3,2,5,0,58,2,2,5,12,4,2
Email 3630,0,1,2,0,0,0,14,0,1,4,3,1,0
Email 3631,2,3,3,0,0,0,7,0,0,3,2,0,0
Email 3632,1,0,1,0,2,0,4,0,0,0,4,0,0
Email 3633,22,16,2,9,3,5,106,4,3,13,25,10,4
Email 3634,0,0,1,0,1,0,3,0,0,0,1,1,0
Email 3635,3,0,1,2,2,0,23,1,1,3,5,2,0
Email 3636,0,0,1,0,2,0,7,0,0,0,1,0,0
Email 3637,5,8,2,4,3,5,48,14,0,22,15,1,0
Email 3638,0,0,1,0,1,0,6,0,0,0,2,1,0
Email 3639,0,0,1,0,0,0,4,0,0,1,0,0,0
Email 3640,1,4,1,1,4,1,46,2,0,5,13,4,0
Email 3641,0,1,2,1,0,0,17,0,1,6,6,1,0
Email 3642,4,0,1,1,5,0,24,0,0,6,2,0,0
Email 3643,4,4,5,0,2,2,49,1,1,7,11,2,0
Email 3644,10,15,9,6,9,4,104,7,1,21,37,16,6
Email 3645,3,4,1,1,2,0,31,0,0,4,5,3,2
Email 3646,2,3,1,1,0,0,7,1,0,2,1,0,0
Email 3647,5,12,14,6,5,1,68,0,7,17,15,14,3
Email 3648,5,6,6,2,0,0,30,2,1,5,6,5,1
Email 3649,2,1,1,0,0,2,10,2,0,7,1,0,0
Email 3650,3,1,1,1,4,0,21,1,0,1,0,7,1
Email 3651,6,5,1,3,2,3,38,3,0,6,9,2,1
Email 3652,5,3,1,3,0,3,26,3,0,2,2,3,1
Email 3653,5,6,11,3,1,4,42,4,5,4,6,5,3
Email 3654,13,5,7,2,14,0,55,1,1,6,15,4,1
Email 3655,4,11,6,0,1,0,44,0,4,6,19,1,0
Email 3656,13,10,3,12,6,12,108,18,2,19,23,13,5
Email 3657,14,8,3,14,3,6,128,1,2,28,19,10,5
Email 3658,0,0,1,1,2,0,6,0,0,0,2,1,0
Email 3659,0,3,2,0,3,0,20,0,0,0,6,1,0
Email 3660,2,1,1,0,1,0,20,5,0,4,2,3,1
Email 3661,0,0,1,0,0,0,0,0,0,0,0,0,0
Email 3662,7,9,17,4,3,2,64,1,7,15,17,14,3
Email 3663,1,0,1,0,1,0,29,0,0,4,1,0,0
Email 3664,4,5,8,0,4,2,65,1,2,8,15,2,0
Email 3665,42,33,29,14,7,7,231,0,15,53,51,44,19
Email 3666,0,0,1,1,1,2,15,0,0,2,1,1,0
Email 3667,1,0,1,3,0,0,13,1,0,3,0,0,0
Email 3668,0,0,1,1,2,0,6,0,0,1,1,0,0
Email 3669,3,1,1,2,1,0,14,2,0,1,1,1,0
Email 3670,2,3,1,0,1,0,13,0,1,0,0,2,1
Email 3671,8,8,12,1,2,4,58,0,5,7,21,4,2
Email 3672,0,1,1,0,1,2,22,1,0,9,2,1,0
Email 3673,0,0,1,0,1,0,1,0,1,0,0,1,0
Email 3674,0,0,1,1,1,0,21,7,1,5,3,0,0
Email 3675,12,11,4,6,11,2,71,2,2,8,7,2,0
Email 3676,0,0,1,0,1,0,7,0,0,0,1,0,0
Email 3677,52,54,17,34,34,48,424,9,5,131,74,64,22
Email 3678,0,0,1,0,1,0,3,0,0,0,0,0,0
Email 3679,47,37,36,18,10,8,268,0,18,59,66,45,20
Email 3680,7,7,2,1,2,1,36,1,0,3,2,3,1
Email 3681,15,1,3,4,2,6,48,6,0,12,8,5,0
Email 3682,0,0,1,0,1,0,3,0,0,0,0,0,0
Email 3683,0,3,2,0,3,0,19,0,0,1,9,2,0
Email 3684,11,5,16,4,2,1,76,0,10,16,14,6,1
Email 3685,9,6,89,5,2,2,119,0,48,20,28,12,1
Email 3686,1,1,2,1,1,0,13,0,2,8,1,0,0
Email 3687,53,53,17,34,34,47,428,9,5,131,74,64,22
Email 3688,5,4,2,6,1,1,65,12,0,8,7,7,2
Email 3689,3,4,1,3,2,1,34,1,1,7,3,0,0
Email 3690,0,0,1,0,1,0,3,0,0,0,0,0,0
Email 3691,0,3,2,0,3,0,19,0,0,1,9,2,0
Email 3692,17,16,2,4,9,5,70,0,2,20,15,12,4
Email 3693,1,0,1,0,1,0,5,0,0,2,3,1,0
Email 3694,0,0,1,0,1,0,3,0,0,0,0,0,0
Email 3695,1,0,1,1,1,2,24,0,0,2,2,0,0
Email 3696,0,3,2,0,3,0,19,0,0,1,9,2,0
Email 3697,4,1,1,0,2,0,21,2,1,1,2,0,0
Email 3698,0,0,1,0,1,0,3,0,0,0,0,0,0
Email 3699,0,3,2,0,2,0,15,0,0,1,7,1,0
Email 3700,7,3,1,2,3,1,31,7,1,11,25,1,0
Email 3701,2,1,1,0,2,1,11,1,0,1,3,0,0
Email 3702,1,1,1,0,0,1,7,0,0,0,2,0,0
Email 3703,7,4,3,2,4,0,61,3,0,3,10,2,0
Email 3704,13,16,4,5,5,2,74,0,0,8,9,0,0
Email 3705,5,3,6,0,2,0,38,4,2,1,9,0,0
Email 3706,0,0,1,0,1,0,3,0,0,0,1,0,0
Email 3707,0,3,2,0,2,0,15,0,0,1,7,1,0
Email 3708,0,1,1,0,0,0,7,0,0,0,2,0,0
Email 3709,7,15,2,4,5,11,211,1,1,32,40,19,0
Email 3710,0,0,1,0,0,0,4,0,0,0,0,1,0
Email 3711,11,5,1,4,4,1,51,4,0,9,5,8,0
Email 3712,5,3,1,3,4,1,47,2,0,6,3,2,1
Email 3713,2,0,1,0,1,1,19,1,0,1,1,2,2
Email 3714,5,1,2,4,1,2,66,1,0,7,8,5,1
Email 3715,22,12,20,7,8,6,173,5,8,26,59,12,3
Email 3716,3,1,1,1,1,0,23,3,0,2,0,1,1
Email 3717,3,4,1,0,2,1,20,5,0,2,0,1,0
Email 3718,0,3,2,0,2,0,14,0,0,1,7,1,0
Email 3719,0,0,1,0,1,0,3,0,0,0,1,0,0
Email 3720,7,16,8,5,8,6,77,8,2,14,17,7,1
Email 3721,5,10,2,3,3,3,55,5,1,27,17,6,1
Email 3722,2,1,1,1,2,0,8,0,0,2,1,1,0
Email 3723,0,0,1,0,0,0,1,0,1,1,0,0,0
Email 3724,0,0,1,0,0,0,13,0,0,5,3,0,0
Email 3725,7,2,1,1,3,0,25,1,0,2,2,1,0
Email 3726,38,32,8,17,26,29,276,0,7,100,53,42,12
Email 3727,0,3,2,0,2,0,15,0,0,1,7,1,0
Email 3728,3,12,1,6,4,5,59,10,0,12,9,6,2
Email 3729,0,0,1,0,1,0,3,0,0,0,0,0,0
Email 3730,1,6,5,0,3,0,32,2,0,8,9,4,1
Email 3731,1,1,2,1,0,2,26,1,1,5,6,1,0
Email 3732,1,1,1,0,0,0,3,2,0,2,1,0,0
Email 3733,5,3,1,0,3,0,25,0,1,6,11,2,0
Email 3734,2,2,1,2,2,0,19,0,0,3,2,1,0
Email 3735,0,3,3,0,0,1,16,3,0,2,1,3,0
Email 3736,1,12,4,3,4,0,50,2,0,2,18,4,0
Email 3737,1,3,1,2,0,2,11,1,1,8,3,0,0
Email 3738,0,0,1,0,1,0,3,0,0,0,0,0,0
Email 3739,2,1,1,0,1,1,11,0,0,1,2,0,0
Email 3740,2,7,9,0,5,0,44,2,1,8,14,4,1
Email 3741,1,2,16,0,4,0,37,0,7,4,20,6,0
Email 3742,0,0,1,0,1,0,3,0,0,0,0,0,0
Email 3743,0,0,1,0,1,0,3,0,0,0,0,0,0
Email 3744,4,2,1,1,0,0,16,0,0,3,4,0,0
Email 3745,4,2,1,1,0,0,16,0,0,3,4,0,0
Email 3746,5,11,1,5,3,3,59,11,1,16,4,2,1
Email 3747,0,5,18,1,4,1,56,2,7,3,22,6,2
Email 3748,0,0,1,0,0,0,0,0,0,0,0,0,0
Email 3749,0,5,18,1,4,1,56,2,7,3,22,6,2
Email 3750,7,2,2,2,0,4,39,1,2,9,9,1,0
Email 3751,2,0,1,0,1,1,5,0,0,1,2,0,0
Email 3752,14,21,40,8,12,3,131,4,18,27,36,13,4
Email 3753,14,21,40,8,12,3,131,4,18,27,36,13,4
Email 3754,2,0,1,0,1,1,5,0,0,1,2,0,0
Email 3755,4,3,1,2,2,0,16,1,0,0,2,1,1
Email 3756,1,2,2,5,0,2,38,0,1,7,5,5,0
Email 3757,4,3,1,2,2,0,16,1,0,0,2,1,1
Email 3758,8,15,4,9,8,7,110,15,1,29,32,11,3
Email 3759,8,15,4,9,8,7,110,15,1,29,32,11,3
Email 3760,0,0,1,0,1,0,3,0,0,0,0,0,0
Email 3761,1,4,2,0,2,0,17,0,0,2,7,1,0
Email 3762,0,0,1,0,1,0,3,0,0,0,0,0,0
Email 3763,1,4,2,0,2,0,17,0,0,2,7,1,0
Email 3764,0,1,2,0,0,0,14,0,1,4,3,1,0
Email 3765,4,2,1,2,2,1,33,1,0,5,6,1,0
Email 3766,3,4,2,4,3,2,59,7,3,8,7,3,2
Email 3767,14,7,2,3,7,1,56,4,0,5,6,0,0
Email 3768,1,2,1,0,0,1,38,0,0,5,5,4,0
Email 3769,0,0,1,0,1,0,2,0,0,0,0,0,0
Email 3770,0,2,1,0,1,1,8,1,0,4,1,1,0
Email 3771,14,7,2,3,7,1,56,4,0,5,6,0,0
Email 3772,0,0,1,0,1,0,2,0,0,0,0,0,0
Email 3773,2,11,1,6,4,5,58,10,0,12,8,7,2
Email 3774,4,4,2,1,2,8,39,5,2,5,5,8,1
Email 3775,104,62,14,43,38,16,478,4,1,120,72,52,12
Email 3776,113,75,15,46,44,21,514,4,1,133,79,61,13
Email 3777,0,1,2,0,0,0,14,0,1,4,3,1,0
Email 3778,4,2,1,2,2,1,33,1,0,5,6,1,0
Email 3779,0,1,1,0,0,0,18,0,0,2,3,2,0
Email 3780,2,3,1,2,0,2,21,1,0,1,5,0,0
Email 3781,1,3,2,1,1,2,37,1,2,4,8,10,4
Email 3782,2,3,1,2,0,2,21,1,0,1,5,0,0
Email 3783,2,0,1,2,0,0,11,1,0,1,5,0,0
Email 3784,27,11,8,7,12,3,128,9,1,9,23,5,1
Email 3785,0,3,2,0,2,0,14,0,0,1,7,1,0
Email 3786,0,0,1,0,1,0,3,0,0,0,0,0,0
Email 3787,0,0,1,1,2,0,6,0,0,1,1,0,0
Email 3788,27,11,8,7,12,3,128,9,1,9,23,5,1
Email 3789,3,5,2,3,5,4,37,5,0,15,4,0,0
Email 3790,0,3,2,0,2,0,14,0,0,1,7,1,0
Email 3791,0,0,1,0,1,0,3,0,0,0,0,0,0
Email 3792,10,5,1,5,1,5,45,8,3,7,7,1,1
Email 3793,2,5,7,2,3,0,35,1,2,12,15,3,0
Email 3794,2,5,7,2,3,0,35,1,2,12,15,3,0
Email 3795,11,15,19,1,3,0,83,4,7,2,7,16,7
Email 3796,11,15,19,1,3,0,83,4,7,2,7,16,7
Email 3797,0,4,2,0,1,0,53,0,0,10,5,0,0
Email 3798,0,7,2,0,0,0,10,0,0,1,2,0,0
Email 3799,4,4,2,1,2,8,42,5,2,5,5,7,1
Email 3800,5,3,1,3,1,2,35,1,1,8,9,2,0
Email 3801,5,3,1,3,1,2,35,1,1,8,9,2,0
Email 3802,1,2,1,0,1,1,21,8,0,4,2,2,0
Email 3803,1,2,1,1,2,1,17,0,0,5,4,2,0
Email 3804,17,10,2,20,3,8,151,4,0,21,8,15,1
Email 3805,1,1,1,0,2,0,3,0,0,1,4,1,0
Email 3806,17,9,2,20,3,8,146,4,0,21,7,15,1
Email 3807,1,0,1,0,2,0,2,0,0,1,3,1,0
Email 3808,0,0,1,0,1,0,3,0,0,0,0,0,0
Email 3809,0,3,2,0,2,0,15,0,0,1,7,1,0
Email 3810,0,0,1,0,1,0,3,0,0,0,0,0,0
Email 3811,7,2,1,2,1,1,26,0,1,3,4,0,0
Email 3812,7,4,1,5,3,0,60,8,0,8,6,3,0
Email 3813,1,3,2,0,0,0,43,0,1,3,7,2,0
Email 3814,0,1,1,0,1,0,17,1,0,0,8,1,0
Email 3815,0,3,2,0,2,0,15,0,0,1,7,1,0
Email 3816,2,0,1,0,1,0,10,1,0,0,1,1,0
Email 3817,19,22,30,1,7,1,138,4,14,8,14,20,9
Email 3818,5,6,1,4,4,2,34,4,0,14,7,1,0
Email 3819,2,0,1,0,1,0,10,1,0,0,1,1,0
Email 3820,19,22,30,1,7,1,138,4,14,8,14,20,9
Email 3821,1,11,2,0,2,5,84,1,0,11,21,7,1
Email 3822,1,3,1,1,0,0,11,2,0,5,3,0,0
Email 3823,24,9,8,4,2,8,101,1,4,18,22,11,5
Email 3824,28,15,18,6,3,9,145,2,8,26,35,15,6
Email 3825,28,15,18,6,3,9,145,2,8,26,35,15,6
Email 3826,24,9,8,4,2,8,101,1,4,18,22,11,5
Email 3827,3,3,1,1,2,0,29,7,1,2,2,4,2
Email 3828,4,4,2,1,2,7,40,5,2,5,5,7,1
Email 3829,12,15,1,3,6,3,65,9,4,21,19,3,0
Email 3830,0,0,1,0,1,0,2,1,0,3,1,0,0
Email 3831,12,15,1,3,6,3,65,9,4,21,19,3,0
Email 3832,0,3,2,0,2,0,15,0,0,1,7,1,0
Email 3833,0,0,1,0,1,0,3,0,0,0,0,0,0
Email 3834,0,3,2,0,2,0,15,0,0,1,7,1,0
Email 3835,0,0,1,0,1,0,3,0,0,0,0,0,0
Email 3836,3,3,3,0,0,0,9,0,0,2,1,0,0
Email 3837,3,3,3,0,0,0,9,0,0,2,1,0,0
Email 3838,2,4,2,0,2,0,17,0,0,3,2,1,1
Email 3839,2,4,2,0,2,0,17,0,0,3,2,1,1
Email 3840,2,1,1,0,2,0,10,0,0,0,2,0,0
Email 3841,2,1,1,0,2,0,10,0,0,0,2,0,0
Email 3842,0,0,1,0,0,0,4,0,0,1,0,0,0
Email 3843,0,0,1,0,0,0,4,0,0,1,0,0,0
Email 3844,1,4,2,1,1,1,35,2,1,7,8,10,4
Email 3845,11,17,6,8,10,4,113,8,2,21,31,17,7
Email 3846,15,21,26,7,8,5,164,10,9,22,36,10,4
Email 3847,15,21,26,7,8,5,164,10,9,22,36,10,4
Email 3848,5,5,1,1,1,0,15,0,0,3,2,1,1
Email 3849,42,19,1,8,7,7,213,1,3,51,29,17,1
Email 3850,6,7,6,1,1,0,30,1,1,4,6,2,2
Email 3851,6,1,6,1,6,0,38,3,2,6,6,3,1
Email 3852,10,0,1,1,1,0,31,2,0,2,4,7,3
Email 3853,10,0,1,1,1,0,31,2,0,2,4,7,3
Email 3854,1,6,1,7,2,2,53,4,0,11,13,5,0
Email 3855,6,1,6,1,6,0,38,3,2,6,6,3,1
Email 3856,0,2,1,3,3,0,53,3,1,6,0,0,0
Email 3857,6,7,6,1,1,0,30,1,1,4,6,2,2
Email 3858,3,7,1,5,4,0,74,17,3,12,19,8,0
Email 3859,5,5,1,1,1,0,15,0,0,3,2,1,1
Email 3860,4,6,2,5,3,0,27,1,0,3,4,2,1
Email 3861,12,20,1,8,2,7,119,8,0,25,16,12,5
Email 3862,3,1,1,1,0,1,13,1,0,4,1,1,0
Email 3863,4,6,2,5,3,0,27,1,0,3,4,2,1
Email 3864,1,3,2,0,4,0,19,0,0,1,8,1,0
Email 3865,0,0,1,0,1,0,3,0,0,0,0,0,0
Email 3866,0,3,2,0,2,0,15,0,0,1,7,1,0
Email 3867,14,21,2,16,13,5,171,23,3,43,22,14,6
Email 3868,0,7,1,0,0,0,8,0,0,4,2,1,0
Email 3869,1,3,2,0,4,0,19,0,0,1,8,1,0
Email 3870,6,8,3,6,0,2,99,7,1,19,8,6,0
Email 3871,0,0,1,0,0,0,5,1,0,2,1,0,0
Email 3872,0,0,1,0,0,0,1,0,0,0,0,0,0
Email 3873,0,0,1,0,1,0,3,0,0,0,0,0,0
Email 3874,1,3,1,0,1,1,5,3,0,2,1,0,0
Email 3875,1,3,1,0,0,3,19,0,0,2,4,0,0
Email 3876,0,3,2,0,2,0,15,0,0,1,7,1,0
Email 3877,3,4,9,0,5,0,32,0,4,0,8,1,0
Email 3878,3,4,9,0,5,0,32,0,4,0,8,1,0
Email 3879,2,2,1,0,0,2,9,0,0,2,8,1,1
Email 3880,2,2,1,0,0,2,9,0,0,2,8,1,1
Email 3881,1,1,1,0,0,0,7,0,0,1,2,0,0
Email 3882,2,4,1,0,2,3,35,3,0,8,4,6,2
Email 3883,3,3,1,2,2,1,30,1,0,10,7,2,0
Email 3884,4,0,1,1,2,0,24,3,0,4,5,3,0
Email 3885,2,1,1,1,3,0,38,3,0,7,5,3,1
Email 3886,2,2,2,0,1,0,22,0,0,2,8,0,0
Email 3887,1,1,1,3,0,1,26,1,1,3,2,1,0
Email 3888,1,1,1,1,1,1,12,0,1,1,0,3,3
Email 3889,1,1,1,1,1,1,12,0,1,1,0,3,3
Email 3890,1,10,4,3,1,18,71,3,0,13,22,6,2
Email 3891,14,5,2,2,1,18,48,1,1,15,9,5,1
Email 3892,2,2,2,0,1,0,22,0,0,2,8,0,0
Email 3893,2,2,2,0,2,1,11,3,0,8,3,6,1
Email 3894,1,3,2,0,0,0,15,2,0,2,5,4,1
Email 3895,4,0,1,1,2,0,24,3,0,4,5,3,0
Email 3896,2,4,1,0,2,3,35,3,0,8,4,6,2
Email 3897,19,21,2,12,7,11,143,14,1,40,27,8,4
Email 3898,2,1,1,1,0,0,11,0,0,1,1,4,0
Email 3899,12,20,1,8,2,7,119,8,0,25,16,12,5
Email 3900,14,22,2,16,13,5,174,25,3,44,22,14,6
Email 3901,2,1,1,1,0,0,11,0,0,1,1,4,0
Email 3902,1,3,2,0,2,0,15,0,0,2,8,1,0
Email 3903,0,0,1,0,1,0,3,0,0,0,0,0,0
Email 3904,1,3,2,0,2,0,15,0,0,2,8,1,0
Email 3905,0,0,1,0,1,0,3,0,0,0,0,0,0
Email 3906,4,5,5,1,3,2,44,0,2,5,14,6,2
Email 3907,21,19,23,6,3,2,168,3,15,28,39,20,4
Email 3908,5,6,13,0,2,0,47,1,7,7,15,9,1
Email 3909,12,11,17,5,2,2,130,1,13,20,37,15,2
Email 3910,0,0,1,1,1,0,9,0,0,3,4,0,0
Email 3911,4,5,5,1,3,2,44,0,2,5,14,6,2
Email 3912,0,3,1,0,0,1,10,0,0,3,1,1,0
Email 3913,2,11,4,3,0,19,84,4,0,13,26,7,1
Email 3914,21,19,23,6,3,2,168,3,15,28,39,20,4
Email 3915,3,2,2,2,1,2,25,7,0,3,5,1,0
Email 3916,5,6,13,0,2,0,47,1,7,7,15,9,1
Email 3917,12,11,17,5,2,2,130,1,13,20,37,15,2
Email 3918,3,3,1,3,2,0,18,1,0,7,6,0,0
Email 3919,5,4,1,2,0,1,39,0,1,5,4,7,1
Email 3920,4,1,2,1,0,0,21,0,1,6,3,2,0
Email 3921,4,4,2,1,2,8,41,5,2,9,5,8,1
Email 3922,3,3,1,3,2,0,18,1,0,7,6,0,0
Email 3923,15,18,3,12,6,23,209,28,3,32,49,16,10
Email 3924,5,4,1,2,0,1,39,0,1,5,4,7,1
Email 3925,4,9,2,4,2,2,43,2,0,10,5,9,4
Email 3926,2,0,1,2,1,1,24,1,1,4,2,2,0
Email 3927,4,9,2,4,2,2,43,2,0,10,5,9,4
Email 3928,12,37,8,8,11,37,189,3,0,44,22,9,1
Email 3929,2,0,1,2,1,1,24,1,1,4,2,2,0
Email 3930,1,0,1,0,1,0,1,0,0,1,4,1,0
Email 3931,5,7,2,0,0,2,27,2,0,3,10,1,0
Email 3932,0,0,1,0,0,0,1,1,0,1,3,1,0
Email 3933,1,1,1,0,1,0,2,0,0,1,5,1,0
Email 3934,4,20,2,9,3,5,318,1,1,43,39,21,0
Email 3935,0,1,1,0,0,0,2,1,0,1,4,1,0
Email 3936,1,1,2,0,0,0,28,2,0,6,5,1,0
Email 3937,1,3,2,0,2,0,14,0,0,2,8,1,0
Email 3938,10,6,2,7,3,2,67,8,1,14,6,2,0
Email 3939,0,0,1,0,1,0,3,0,0,0,0,0,0
Email 3940,1,3,2,0,2,0,14,0,0,2,8,1,0
Email 3941,1,1,1,1,0,1,22,1,0,2,2,2,0
Email 3942,0,0,1,0,1,0,3,0,0,0,0,0,0
Email 3943,3,0,1,2,1,1,17,1,0,2,1,3,0
Email 3944,28,30,9,24,11,17,249,5,2,100,47,23,5
Email 3945,3,0,1,2,1,1,17,1,0,2,1,3,0
Email 3946,4,1,2,1,0,0,21,0,1,6,3,2,0
Email 3947,5,8,2,4,3,5,48,14,0,22,15,1,0
Email 3948,3,0,1,1,1,2,33,1,0,8,4,0,0
Email 3949,103,57,23,43,32,66,533,7,10,177,117,73,24
Email 3950,7,4,2,0,1,3,25,3,3,6,13,4,1
Email 3951,3,2,1,1,1,1,17,0,0,1,3,4,1
Email 3952,3,2,1,1,1,1,17,0,0,1,3,4,1
Email 3953,1,2,1,0,0,1,14,1,0,4,3,4,2
Email 3954,16,11,1,11,1,8,94,6,3,24,20,12,1
Email 3955,7,4,2,0,1,3,25,3,3,6,13,4,1
Email 3956,0,1,1,0,0,0,2,0,0,1,4,1,0
Email 3957,13,31,3,2,3,0,114,2,0,22,13,5,1
Email 3958,0,0,1,0,0,0,1,0,0,1,3,1,0
Email 3959,37,29,6,23,19,28,249,3,3,94,54,39,8
Email 3960,0,4,2,0,3,1,36,1,0,4,7,2,0
Email 3961,13,30,3,2,3,0,113,2,0,22,12,5,1
Email 3962,2,3,2,2,0,2,36,1,0,2,4,3,0
Email 3963,0,0,1,0,0,1,22,1,0,4,2,7,3
Email 3964,3,0,1,2,2,0,23,1,1,3,5,2,0
Email 3965,42,19,1,8,7,7,214,1,3,52,29,17,1
Email 3966,60,51,19,39,26,50,487,3,2,144,93,52,20
Email 3967,0,0,1,0,1,0,3,0,0,0,0,0,0
Email 3968,1,57,2,0,3,3,414,2,0,124,190,3,2
Email 3969,1,3,2,0,2,0,15,0,0,2,8,1,0
Email 3970,2,2,1,2,1,0,44,0,0,9,9,4,1
Email 3971,3,0,1,2,2,0,23,1,1,3,5,2,0
Email 3972,0,0,1,0,1,0,3,0,0,0,0,0,0
Email 3973,37,36,7,27,13,26,326,1,2,89,62,36,13
Email 3974,1,3,2,0,2,0,15,0,0,2,8,1,0
Email 3975,1,0,1,0,0,0,4,0,0,1,1,0,0
Email 3976,1,2,2,0,0,0,6,0,0,1,1,0,0
Email 3977,1,0,2,0,1,0,5,0,0,1,1,0,0
Email 3978,9,2,4,3,1,3,49,1,0,6,6,7,0
Email 3979,1,3,1,2,1,0,14,1,0,5,0,3,0
Email 3980,1,0,1,0,0,0,4,0,0,1,1,0,0
Email 3981,1,2,2,0,0,0,6,0,0,1,1,0,0
Email 3982,1,1,1,0,0,0,51,0,0,5,2,1,0
Email 3983,0,1,1,1,1,1,8,0,0,3,0,3,1
Email 3984,1,0,2,0,1,0,5,0,0,1,1,0,0
Email 3985,2,2,1,0,2,5,12,1,0,2,7,0,0
Email 3986,9,2,4,3,1,3,49,1,0,6,6,7,0
Email 3987,7,9,2,5,3,5,58,17,0,25,19,4,3
Email 3988,0,0,1,0,0,0,5,2,0,0,1,0,0
Email 3989,3,0,1,1,1,2,33,1,0,8,4,0,0
Email 3990,30,26,3,8,6,22,132,4,0,50,28,22,2
Email 3991,4,1,4,4,2,0,26,2,2,5,6,4,2
Email 3992,6,3,15,2,7,1,67,4,6,7,12,4,2
Email 3993,18,8,1,5,3,1,81,0,1,23,15,2,0
Email 3994,0,2,1,1,0,1,14,0,0,2,3,3,1
Email 3995,18,8,1,5,3,1,81,0,1,23,15,2,0
Email 3996,6,3,15,2,7,1,67,4,6,7,12,4,2
Email 3997,4,1,4,4,2,0,26,2,2,5,6,4,2
Email 3998,2,1,1,1,1,0,9,0,0,2,2,0,0
Email 3999,11,4,1,6,1,3,75,3,3,9,13,14,5
Email 4000,2,1,1,1,1,0,9,0,0,2,2,0,0
Email 4001,0,2,2,0,0,1,40,1,0,4,6,3,1
Email 4002,11,4,1,6,1,3,75,3,3,9,13,14,5
Email 4003,0,5,2,0,2,0,18,0,0,4,7,1,0
Email 4004,0,0,1,0,0,0,22,0,0,9,0,0,0
Email 4005,0,0,1,0,1,0,3,0,0,0,0,0,0
Email 4006,0,5,2,0,2,0,18,0,0,4,7,1,0
Email 4007,0,0,1,0,1,0,3,0,0,0,0,0,0
Email 4008,1,3,1,0,1,0,26,0,1,2,4,0,0
Email 4009,2,0,1,0,0,1,7,2,0,1,1,0,0
Email 4010,1,3,1,0,1,0,26,0,1,2,4,0,0
Email 4011,4,0,1,0,5,0,22,0,0,6,2,0,0
Email 4012,6,4,4,1,3,1,55,1,1,13,11,2,0
Email 4013,0,1,2,1,0,0,17,0,1,6,6,1,0
Email 4014,2,0,1,2,1,1,18,3,1,3,7,1,1
Email 4015,4,0,1,0,5,0,22,0,0,6,2,0,0
Email 4016,0,0,1,0,0,0,7,1,0,1,0,0,0
Email 4017,6,4,4,1,3,1,55,1,1,13,11,2,0
Email 4018,10,9,6,4,3,2,78,14,2,20,8,7,2
Email 4019,7,5,9,6,5,0,60,4,3,14,16,7,4
Email 4020,7,5,9,6,5,0,60,4,3,14,16,7,4
Email 4021,2,0,3,1,0,0,7,0,0,1,2,0,0
Email 4022,0,2,2,0,0,0,9,0,0,0,1,0,0
Email 4023,0,2,2,0,0,0,9,0,0,0,1,0,0
Email 4024,0,0,1,0,1,0,3,0,0,0,0,0,0
Email 4025,3,8,2,0,5,0,31,0,0,3,9,1,0
Email 4026,1,5,1,0,2,1,49,3,2,11,3,3,1
Email 4027,0,0,1,0,1,0,3,0,0,0,0,0,0
Email 4028,3,8,2,0,5,0,31,0,0,3,9,1,0
Email 4029,2,0,1,0,0,0,11,1,0,3,2,5,1
Email 4030,7,3,1,3,8,3,23,4,0,4,4,0,0
Email 4031,1,1,1,1,2,2,20,0,0,2,4,2,0
Email 4032,2,0,1,0,0,0,11,1,0,3,2,5,1
Email 4033,4,0,1,1,0,1,14,3,0,10,5,2,0
Email 4034,3,3,2,1,0,0,17,2,0,4,1,3,0
Email 4035,0,0,1,0,0,0,4,1,0,1,1,0,0
Email 4036,11,17,1,6,4,7,85,20,0,19,19,8,3
Email 4037,11,17,1,6,4,7,85,20,0,19,19,8,3
Email 4038,1,2,3,0,1,0,30,0,1,6,6,5,0
Email 4039,2,6,1,6,1,1,63,4,0,13,5,2,1
Email 4040,0,1,2,1,0,0,17,0,1,6,6,1,0
Email 4041,2,2,1,2,2,2,42,9,2,6,6,5,1
Email 4042,0,0,1,0,0,2,3,0,0,1,0,0,0
Email 4043,1,2,3,0,1,0,30,0,1,6,6,5,0
Email 4044,1,0,1,0,0,0,4,1,0,1,0,0,0
Email 4045,13,12,15,8,7,5,115,5,7,19,23,10,5
Email 4046,0,0,1,1,0,0,7,0,0,1,0,1,1
Email 4047,0,1,1,2,0,0,17,0,0,3,2,6,1
Email 4048,4,6,4,3,3,2,29,9,1,4,8,6,0
Email 4049,0,1,1,2,0,0,17,0,0,3,2,6,1
Email 4050,13,12,15,8,7,5,115,5,7,19,23,10,5
Email 4051,85,43,25,56,23,38,491,4,5,125,95,62,19
Email 4052,5,6,1,4,4,1,27,2,0,4,2,3,2
Email 4053,6,10,7,3,1,1,65,0,4,6,24,1,0
Email 4054,6,10,7,3,1,1,65,0,4,6,24,1,0
Email 4055,1,2,1,0,3,1,18,3,0,7,6,4,2
Email 4056,4,3,4,1,0,1,23,0,0,4,5,0,0
Email 4057,0,0,1,0,0,0,0,0,0,0,0,0,0
Email 4058,9,18,2,4,9,2,66,13,0,18,13,10,2
Email 4059,9,18,2,4,9,2,66,13,0,18,13,10,2
Email 4060,1,1,2,0,0,0,16,0,0,4,2,0,0
Email 4061,0,0,1,0,0,0,2,1,0,0,0,0,0
Email 4062,1,1,2,0,0,0,16,0,0,4,2,0,0
Email 4063,0,0,1,0,1,0,3,0,0,0,0,0,0
Email 4064,0,0,1,0,1,0,3,0,0,0,0,0,0
Email 4065,0,2,1,1,2,0,44,1,0,4,9,3,0
Email 4066,1,1,1,0,1,0,4,0,0,0,0,1,0
Email 4067,5,2,1,1,6,0,38,5,0,12,15,1,0
Email 4068,9,11,4,1,5,2,35,1,2,9,11,6,1
Email 4069,2,1,4,0,0,0,6,0,0,0,2,0,0
Email 4070,16,8,8,4,3,1,39,2,3,9,11,1,0
Email 4071,2,1,3,0,1,2,13,1,0,3,5,1,0
Email 4072,1,1,1,0,1,0,4,0,0,0,0,1,0
Email 4073,9,11,4,1,5,2,35,1,2,9,11,6,1
Email 4074,2,1,4,0,0,0,6,0,0,0,2,0,0
Email 4075,16,8,8,4,3,1,39,2,3,9,11,1,0
Email 4076,2,1,3,0,1,2,13,1,0,3,5,1,0
Email 4077,0,0,1,1,0,1,24,0,0,5,2,5,2
Email 4078,93,52,25,38,30,69,538,7,5,158,103,54,19
Email 4079,3,2,2,0,1,0,27,0,1,7,5,3,1
Email 4080,0,2,2,0,0,0,8,0,0,6,0,0,0
Email 4081,0,2,1,0,1,0,23,0,0,1,3,2,0
Email 4082,10,4,1,2,2,0,43,2,1,14,11,5,1
Email 4083,0,4,1,3,0,1,44,1,0,8,1,5,0
Email 4084,10,4,1,2,2,0,43,2,1,14,11,5,1
Email 4085,0,2,1,0,1,0,23,0,0,1,3,2,0
Email 4086,5,11,4,4,7,1,46,3,1,5,5,5,4
Email 4087,17,8,9,23,0,9,114,0,8,32,16,8,0
Email 4088,5,11,4,4,7,1,46,3,1,5,5,5,4
Email 4089,0,3,2,0,2,0,13,0,0,1,7,1,0
Email 4090,2,1,1,0,3,0,11,1,0,0,1,0,0
Email 4091,13,9,1,1,2,5,31,2,0,9,4,4,0
Email 4092,0,0,1,0,1,0,3,0,0,0,0,0,0
Email 4093,1,0,2,1,2,2,13,0,0,3,3,0,0
Email 4094,0,3,2,0,2,0,13,0,0,1,7,1,0
Email 4095,2,1,1,0,3,0,11,1,0,0,1,0,0
Email 4096,5,6,1,4,4,1,27,2,0,4,2,3,2
Email 4097,98,62,32,43,30,59,524,10,4,164,89,68,20
Email 4098,0,0,1,0,1,0,3,0,0,0,0,0,0
Email 4099,0,0,1,0,0,0,5,2,0,0,1,0,0
Email 4100,5,4,3,0,3,0,32,0,1,1,3,5,0
Email 4101,65,64,20,39,25,56,493,13,4,157,101,51,19
Email 4102,1,1,1,1,0,0,8,0,0,1,0,2,0
Email 4103,5,4,3,0,3,0,32,0,1,1,3,5,0
Email 4104,0,0,1,0,0,0,5,0,0,1,2,0,0
Email 4105,3,0,1,2,2,0,19,0,0,2,3,2,0
Email 4106,3,2,2,0,1,0,27,0,1,7,5,3,1
Email 4107,1,2,2,0,1,0,24,1,1,8,6,2,1
Email 4108,3,0,1,2,2,0,19,0,0,2,3,2,0
Email 4109,0,1,3,0,4,0,17,1,0,2,4,1,0
Email 4110,5,3,2,4,1,3,65,4,0,5,7,5,1
Email 4111,4,2,1,3,2,3,41,4,0,13,10,8,2
Email 4112,0,1,3,0,4,0,17,1,0,2,4,1,0
Email 4113,0,0,1,0,0,0,4,1,0,2,1,0,0
Email 4114,1,0,1,0,1,0,7,0,0,0,0,1,0
Email 4115,3,7,1,5,1,2,44,8,0,7,3,4,0
Email 4116,1,0,1,0,1,0,7,0,0,0,0,1,0
Email 4117,8,11,2,2,2,0,88,9,1,17,11,12,0
Email 4118,8,10,2,2,2,0,87,9,1,17,10,12,0
Email 4119,11,13,1,1,5,5,101,7,2,27,17,9,4
Email 4120,13,15,6,11,13,5,148,8,1,29,36,19,9
Email 4121,3,2,1,0,2,0,22,7,0,3,4,0,0
Email 4122,0,0,1,1,1,0,8,0,0,1,1,0,0
Email 4123,0,4,2,3,1,1,24,2,1,6,5,2,1
Email 4124,3,4,1,3,4,4,34,6,0,10,6,2,1
Email 4125,1,3,2,0,2,0,15,0,0,2,8,1,0
Email 4126,0,0,1,1,1,0,8,0,0,1,1,0,0
Email 4127,15,22,3,14,6,14,162,27,4,29,27,14,9
Email 4128,73,52,23,30,26,55,422,7,3,128,83,52,20
Email 4129,1,3,2,0,2,0,15,0,0,2,8,1,0
Email 4130,1,0,1,1,1,1,16,0,0,0,4,1,0
Email 4131,1,0,1,1,1,1,16,0,0,0,4,1,0
Email 4132,3,4,2,1,1,1,13,3,0,4,2,2,0
Email 4133,8,4,1,0,3,0,20,1,2,12,10,3,2
Email 4134,8,4,1,0,3,0,20,1,2,12,10,3,2
Email 4135,39,28,12,38,11,27,326,6,1,85,56,29,7
Email 4136,0,1,1,1,0,0,6,0,0,2,2,0,0
Email 4137,37,32,14,28,19,34,332,7,1,115,57,38,16
Email 4138,1,2,2,0,1,0,24,1,1,8,6,2,1
Email 4139,1,0,1,1,2,0,11,0,0,1,2,0,0
Email 4140,0,1,1,1,0,0,6,0,0,2,2,0,0
Email 4141,1,0,1,1,2,0,11,0,0,1,2,0,0
Email 4142,0,1,1,0,0,0,3,0,0,0,0,0,0
Email 4143,3,2,1,0,2,0,22,7,0,3,4,0,0
Email 4144,6,6,1,6,3,2,93,7,1,16,9,10,2
Email 4145,1,2,1,2,1,1,12,2,0,1,6,1,1
Email 4146,1,1,1,1,1,1,9,2,0,1,4,1,1
Email 4147,2,1,1,0,2,0,14,1,0,0,1,0,0
Email 4148,0,0,1,0,1,0,3,0,0,0,0,0,0
Email 4149,2,1,1,0,2,0,14,1,0,0,1,0,0
Email 4150,0,0,1,0,1,0,3,0,0,0,0,0,0
Email 4151,9,3,8,5,1,2,53,0,5,13,18,4,1
Email 4152,1,0,1,0,0,0,2,2,0,1,1,0,0
Email 4153,9,3,8,5,1,2,53,0,5,13,18,4,1
Email 4154,0,5,2,0,2,0,55,0,0,4,16,3,1
Email 4155,0,5,2,0,2,0,55,0,0,4,16,3,1
Email 4156,1,1,1,1,0,0,6,0,0,1,0,0,0
Email 4157,1,1,1,1,0,0,6,0,0,1,0,0,0
Email 4158,5,3,1,2,4,0,23,0,1,4,3,1,1
Email 4159,5,6,5,3,5,0,40,2,2,10,14,2,1
Email 4160,5,3,1,2,4,0,23,0,1,4,3,1,1
Email 4161,1,0,1,0,0,0,2,0,0,1,0,0,0
Email 4162,5,6,5,3,5,0,40,2,2,10,14,2,1
Email 4163,8,12,3,1,1,4,87,3,3,18,7,7,0
Email 4164,8,11,3,1,1,4,86,3,3,18,6,7,0
Email 4165,0,0,1,0,1,0,3,0,0,0,0,0,0
Email 4166,1,0,1,0,0,0,1,1,0,0,1,0,0
Email 4167,0,0,1,0,1,0,3,0,0,0,0,0,0
Email 4168,11,5,10,4,3,1,77,0,7,16,21,5,1
Email 4169,1,1,1,0,0,0,11,0,0,2,0,0,0
Email 4170,11,5,10,4,3,1,77,0,7,16,21,5,1
Email 4171,1,1,1,0,0,0,11,0,0,2,0,0,0
Email 4172,0,3,1,3,3,2,32,5,0,14,4,0,0
Email 4173,5,5,8,0,6,0,36,0,4,7,1,3,2
Email 4174,3,3,1,0,1,0,19,0,1,5,0,2,2
Email 4175,1,2,2,2,2,0,29,2,0,6,8,6,1
Email 4176,3,3,1,0,1,0,19,0,1,5,0,2,2
Email 4177,5,5,8,0,6,0,36,0,4,7,1,3,2
Email 4178,0,1,1,0,0,0,1,0,0,1,3,0,0
Email 4179,0,0,1,0,0,0,0,0,0,1,2,0,0
Email 4180,1,3,2,0,3,0,17,0,0,1,7,1,0
Email 4181,1,3,2,0,3,0,17,0,0,1,7,1,0
Email 4182,3,5,2,0,6,2,32,1,0,6,8,3,1
Email 4183,0,0,1,0,1,0,3,0,0,0,0,0,0
Email 4184,3,5,2,0,6,2,32,1,0,6,8,3,1
Email 4185,0,0,1,0,1,0,3,0,0,0,0,0,0
Email 4186,1,2,1,1,1,0,12,1,0,1,2,2,1
Email 4187,19,15,4,10,3,0,59,1,0,13,13,4,2
Email 4188,1,0,1,0,0,0,6,1,0,2,1,0,0
Email 4189,0,0,1,0,0,0,5,0,0,1,1,0,0
Email 4190,2,4,1,1,1,2,23,3,0,8,8,2,0
Email 4191,0,1,1,0,1,0,11,1,0,0,2,0,0
Email 4192,0,1,1,0,1,0,11,1,0,0,2,0,0
Email 4193,0,2,1,0,1,0,17,0,0,6,3,2,0
Email 4194,0,0,1,0,0,0,5,0,0,1,1,0,0
Email 4195,19,15,4,10,3,0,59,1,0,13,13,4,2
Email 4196,1,3,1,1,1,2,35,1,2,3,5,8,4
Email 4197,0,0,1,0,0,1,1,0,0,1,0,0,0
Email 4198,7,0,3,1,1,3,33,9,0,13,5,2,0
Email 4199,0,3,2,0,2,0,16,0,0,1,7,1,0
Email 4200,0,0,1,0,1,0,3,0,0,0,0,0,0
Email 4201,105,64,29,40,31,66,592,7,5,180,120,61,18
Email 4202,0,3,2,0,2,0,16,0,0,1,7,1,0
Email 4203,0,0,1,0,1,0,3,0,0,0,0,0,0
Email 4204,1,7,1,2,2,4,29,6,1,7,5,5,1
Email 4205,29,16,20,5,4,6,116,1,13,33,30,16,7
Email 4206,29,16,20,5,4,6,116,1,13,33,30,16,7
Email 4207,0,0,1,0,0,0,4,1,0,0,1,0,0
Email 4208,1,8,1,7,2,2,54,4,0,12,14,5,0
Email 4209,3,1,1,0,0,1,10,0,0,0,1,1,0
Email 4210,3,1,1,0,0,1,10,0,0,0,1,1,0
Email 4211,0,1,2,0,0,0,7,0,0,1,0,1,0
Email 4212,23,14,2,11,5,5,150,9,6,14,20,30,12
Email 4213,23,14,2,11,5,5,150,9,6,14,20,30,12
Email 4214,4,4,2,1,0,4,31,1,1,3,4,3,1
Email 4215,4,4,2,1,0,4,31,1,1,3,4,3,1
Email 4216,1,1,1,0,2,0,11,1,0,0,0,0,0
Email 4217,0,0,1,0,1,0,3,0,0,0,0,0,0
Email 4218,0,1,3,0,1,0,9,0,1,1,4,2,1
Email 4219,1,1,1,0,2,0,11,1,0,0,0,0,0
Email 4220,0,0,1,0,1,0,3,0,0,0,0,0,0
Email 4221,62,44,25,25,23,37,371,11,2,108,58,45,17
Email 4222,4,12,4,1,5,2,67,14,0,9,18,7,5
Email 4223,0,1,1,1,0,0,5,0,0,1,0,0,0
Email 4224,3,3,1,1,3,1,21,9,0,8,3,2,2
Email 4225,105,63,29,40,31,66,593,7,5,180,123,61,18
Email 4226,1,3,1,0,1,2,16,0,0,2,2,1,0
Email 4227,23,11,1,8,5,3,90,4,3,28,22,10,1
Email 4228,0,1,1,1,0,0,5,0,0,1,0,0,0
Email 4229,28,21,4,16,15,5,217,13,3,32,41,8,3
Email 4230,0,2,2,0,0,0,7,0,0,1,1,1,0
Email 4231,4,2,1,2,1,0,24,0,2,5,3,0,0
Email 4232,7,3,3,3,1,1,27,2,0,1,2,0,0
Email 4233,5,3,1,4,4,1,23,1,1,7,3,4,1
Email 4234,3,1,2,2,0,0,16,1,0,3,2,6,2
Email 4235,7,3,3,3,1,1,27,2,0,1,2,0,0
Email 4236,0,0,1,0,1,0,3,0,0,0,0,0,0
Email 4237,0,0,1,0,1,0,3,0,0,0,0,0,0
Email 4238,0,0,1,0,0,0,4,1,0,1,1,0,0
Email 4239,0,0,1,0,0,0,5,1,0,1,1,0,0
Email 4240,6,2,2,0,0,0,11,0,0,4,1,0,0
Email 4241,1,0,1,0,0,0,6,0,0,0,0,0,0
Email 4242,0,0,1,0,0,0,6,1,0,1,0,0,0
Email 4243,48,33,11,29,17,23,277,5,2,101,52,35,9
Email 4244,6,2,2,0,0,0,11,0,0,4,1,0,0
Email 4245,1,0,1,0,0,0,6,0,0,0,0,0,0
Email 4246,2,12,4,0,5,1,61,13,0,9,14,7,5
Email 4247,2,12,4,0,5,1,61,13,0,9,14,7,5
Email 4248,8,6,2,7,7,2,104,4,0,13,12,9,4
Email 4249,0,0,1,0,0,0,8,0,0,0,0,0,0
Email 4250,6,6,3,2,4,1,59,0,0,12,13,3,0
Email 4251,8,6,2,7,7,2,104,4,0,13,12,9,4
Email 4252,13,8,1,1,2,5,33,2,0,10,4,4,0
Email 4253,0,1,2,0,0,0,14,0,1,4,3,1,0
Email 4254,0,0,1,0,0,0,5,1,0,2,1,0,0
Email 4255,3,9,14,2,1,2,55,2,6,5,11,3,0
Email 4256,2,5,1,1,0,1,31,2,1,4,5,1,0
Email 4257,7,12,1,5,6,3,67,0,0,15,9,6,0
Email 4258,2,4,1,0,3,0,16,0,0,3,0,1,0
Email 4259,0,0,1,0,0,0,0,0,0,1,1,0,0
Email 4260,1,3,2,0,0,1,31,0,0,3,6,1,1
Email 4261,0,0,1,0,1,0,3,0,0,0,0,0,0
Email 4262,0,0,1,0,0,0,6,0,0,2,0,0,0
Email 4263,0,5,2,0,4,0,18,0,2,1,7,1,0
Email 4264,9,11,3,3,2,2,48,0,0,10,3,0,0
Email 4265,0,1,2,0,0,0,14,0,1,4,3,1,0
Email 4266,15,5,4,14,10,22,106,8,0,30,11,6,0
Email 4267,7,11,1,1,1,2,39,11,0,11,8,19,1
Email 4268,18,11,5,8,2,3,109,2,0,24,16,18,10
Email 4269,0,0,1,0,1,0,3,0,0,0,0,0,0
Email 4270,0,2,2,3,0,0,13,0,0,3,0,0,0
Email 4271,0,3,2,0,2,0,16,0,0,1,7,1,0
Email 4272,5,3,3,1,1,0,45,1,1,10,11,2,1
Email 4273,1,0,1,1,1,0,12,1,0,1,3,0,0
Email 4274,4,1,2,1,1,2,26,1,0,8,4,3,1
Email 4275,0,0,1,0,0,0,0,0,0,1,1,0,0
Email 4276,1,3,2,0,2,0,21,3,1,3,8,2,0
Email 4277,31,26,2,15,7,37,233,4,6,68,39,24,7
Email 4278,0,0,1,0,1,0,3,0,0,0,0,0,0
Email 4279,2,1,2,0,0,0,25,0,1,6,5,2,1
Email 4280,0,4,1,2,0,0,12,2,0,1,1,4,0
Email 4281,0,2,1,0,0,0,6,3,0,2,1,4,0
Email 4282,19,8,9,1,8,3,70,2,5,20,14,10,4
Email 4283,1,1,1,0,0,2,19,0,0,4,1,4,1
Email 4284,10,12,5,6,9,5,135,7,2,34,30,15,6
Email 4285,12,5,6,0,4,2,45,1,3,12,8,6,2
Email 4286,2,3,1,0,1,1,19,3,0,7,4,4,2
Email 4287,5,3,2,0,1,1,26,0,1,7,5,4,2
Email 4288,3,6,1,2,2,0,55,0,0,3,10,0,0
Email 4289,0,4,1,0,0,2,83,1,0,4,4,2,0
Email 4290,0,0,1,0,1,0,3,0,0,0,0,0,0
Email 4291,10,10,1,7,6,0,55,2,0,4,7,0,0
Email 4292,1,1,1,0,0,1,17,1,0,4,3,0,0
Email 4293,0,1,2,0,0,0,14,0,1,4,3,1,0
Email 4294,2,1,1,0,2,0,22,2,1,2,5,3,1
Email 4295,57,24,28,21,22,5,212,4,15,24,48,22,12
Email 4296,21,9,15,3,8,3,88,2,8,23,17,12,6
Email 4297,8,16,7,6,1,0,97,1,1,18,17,4,1
Email 4298,1,0,1,1,1,0,3,0,1,3,0,2,1
Email 4299,3,11,3,3,4,2,41,2,1,8,5,9,3
Email 4300,1,1,1,1,0,0,7,0,1,2,3,1,0
Email 4301,0,0,1,0,1,0,3,0,0,0,0,0,0
Email 4302,0,3,2,0,2,0,16,0,0,1,7,1,0
Email 4303,7,12,25,7,2,2,148,1,14,16,41,15,0
Email 4304,3,2,1,2,0,3,22,4,0,5,6,0,0
Email 4305,1,2,4,0,0,0,18,1,1,0,9,2,0
Email 4306,31,24,13,22,5,22,195,6,2,50,35,28,11
Email 4307,1,2,1,2,1,0,14,1,0,3,3,2,1
Email 4308,1,3,1,2,3,2,28,4,0,3,2,6,2
Email 4309,0,0,1,0,1,0,3,0,0,0,0,0,0
Email 4310,0,3,2,0,2,0,16,0,0,1,7,1,0
Email 4311,2,1,2,0,0,0,10,0,0,1,2,0,0
Email 4312,1,3,1,0,0,0,9,0,0,1,0,0,0
Email 4313,19,15,4,14,9,6,185,4,0,16,41,15,2
Email 4314,16,16,5,12,7,13,156,4,1,44,23,19,1
Email 4315,1,1,2,0,0,0,20,0,1,4,3,1,0
Email 4316,2,3,1,2,1,0,27,0,0,8,3,1,0
Email 4317,1,1,1,0,0,0,3,0,0,3,2,0,0
Email 4318,13,11,27,0,3,4,93,2,13,15,20,11,4
Email 4319,13,9,14,0,2,3,73,2,7,14,16,8,3
Email 4320,2,1,1,4,3,2,20,2,0,3,2,2,0
Email 4321,13,7,3,3,2,1,37,2,1,9,8,1,0
Email 4322,0,0,1,0,0,0,0,0,0,1,1,0,0
Email 4323,1,2,1,2,0,0,29,0,0,3,7,2,0
Email 4324,28,17,7,5,4,12,158,6,2,26,12,25,3
Email 4325,0,0,1,1,1,0,5,0,0,0,1,1,0
Email 4326,1,0,1,0,1,0,7,0,0,0,0,0,0
Email 4327,0,0,1,0,1,0,3,0,0,0,0,0,0
Email 4328,1,0,1,0,0,0,5,1,0,1,1,0,0
Email 4329,11,6,21,7,2,1,128,0,15,16,32,16,0
Email 4330,10,6,20,8,1,1,129,0,14,16,31,15,0
Email 4331,0,1,1,0,1,0,7,0,0,2,3,1,1
Email 4332,4,3,1,1,0,0,15,1,0,2,1,1,0
Email 4333,2,0,1,1,0,0,4,0,0,1,0,0,0
Email 4334,0,3,3,2,3,3,42,1,1,3,10,1,0
Email 4335,1,4,2,2,0,0,56,0,0,10,4,5,0
Email 4336,0,1,1,0,0,1,3,1,0,1,0,0,0
Email 4337,40,27,2,33,5,18,242,9,3,41,47,37,12
Email 4338,0,0,1,0,1,0,3,0,0,0,0,0,0
Email 4339,2,3,5,3,4,5,35,3,0,3,5,4,0
Email 4340,47,32,11,29,17,22,280,5,2,102,52,35,10
Email 4341,3,11,4,1,7,3,50,0,3,6,21,6,0
Email 4342,0,0,1,1,0,0,7,1,0,0,0,0,0
Email 4343,0,0,1,0,0,0,5,0,0,3,0,2,0
Email 4344,31,24,2,15,7,36,230,4,6,69,39,25,8
Email 4345,7,6,5,3,4,3,63,1,0,14,15,8,3
Email 4346,0,0,1,0,0,0,7,0,0,0,0,3,0
Email 4347,0,5,2,0,2,0,19,0,2,1,7,1,0
Email 4348,0,6,2,0,2,0,20,0,3,1,7,1,0
Email 4349,0,0,1,0,1,0,3,0,0,0,0,0,0
Email 4350,0,0,1,0,0,0,8,0,0,2,1,0,0
Email 4351,4,2,1,0,0,1,10,0,0,3,1,1,0
Email 4352,21,12,8,7,7,6,133,3,11,29,24,2,0
Email 4353,0,0,2,0,0,0,2,0,0,0,2,0,0
Email 4354,5,1,5,2,4,1,33,0,3,11,5,1,0
Email 4355,4,2,1,1,2,2,22,3,0,3,4,1,0
Email 4356,26,31,2,13,12,23,222,1,0,65,43,25,8
Email 4357,3,0,1,0,3,0,21,1,0,4,3,1,0
Email 4358,0,0,1,0,2,0,8,0,0,1,0,0,0
Email 4359,4,4,1,3,2,2,41,10,0,10,9,5,3
Email 4360,25,6,7,7,6,2,97,2,2,15,18,6,2
Email 4361,0,0,1,0,1,0,3,0,0,0,0,0,0
Email 4362,3,0,1,2,2,0,23,1,1,3,5,2,0
Email 4363,3,2,1,4,2,1,33,1,0,4,5,3,0
Email 4364,0,3,2,0,2,0,15,0,0,1,7,1,0
Email 4365,9,5,1,6,2,0,64,0,4,18,17,10,4
Email 4366,31,25,13,22,5,22,194,6,2,48,35,30,11
Email 4367,17,9,7,7,2,2,102,1,8,27,25,23,6
Email 4368,18,11,16,7,5,3,126,1,14,29,29,26,6
Email 4369,11,6,15,5,2,1,92,0,9,14,25,6,1
Email 4370,1,7,2,4,2,0,58,1,1,13,5,8,3
Email 4371,0,1,2,0,0,0,14,0,1,4,3,1,0
Email 4372,7,7,4,1,4,4,42,1,2,15,14,1,1
Email 4373,1,1,1,2,0,0,24,3,0,0,2,6,0
Email 4374,10,6,4,2,2,2,34,3,2,11,10,6,2
Email 4375,9,7,1,3,6,3,49,5,2,13,7,4,0
Email 4376,2,0,3,1,0,0,7,0,0,1,2,0,0
Email 4377,80,65,20,43,28,50,486,8,5,161,93,60,21
Email 4378,0,0,1,0,1,0,3,0,0,0,0,0,0
Email 4379,1,1,1,1,0,1,26,1,0,4,5,2,0
Email 4380,49,51,24,35,25,40,407,4,1,127,79,36,15
Email 4381,6,2,1,0,1,1,31,0,0,13,8,4,0
Email 4382,1,2,1,3,4,3,39,0,1,6,7,1,0
Email 4383,4,1,1,1,0,0,27,0,0,9,5,2,0
Email 4384,6,2,1,0,1,3,16,7,0,5,1,1,0
Email 4385,4,0,3,2,0,3,16,1,0,8,5,2,0
Email 4386,5,2,51,5,4,0,125,1,24,7,87,13,1
Email 4387,5,7,1,4,4,3,76,3,0,12,24,7,2
Email 4388,0,1,2,1,0,0,17,0,1,6,6,1,0
Email 4389,10,11,5,6,10,15,106,7,1,36,37,13,6
Email 4390,2,4,1,0,4,1,20,1,1,2,1,3,0
Email 4391,27,8,10,9,7,3,125,2,3,20,24,8,2
Email 4392,14,22,5,19,5,6,157,4,0,44,34,14,3
Email 4393,27,9,9,7,6,3,122,3,4,23,19,7,2
Email 4394,1,1,1,0,2,0,32,4,0,4,6,1,0
Email 4395,27,9,10,7,7,3,139,4,4,26,20,7,2
Email 4396,5,2,9,1,1,1,27,1,3,1,10,2,0
Email 4397,32,11,11,8,9,4,156,4,5,28,32,12,3
Email 4398,3,6,1,5,0,0,45,2,0,6,7,4,1
Email 4399,0,0,1,0,1,0,3,0,0,0,0,0,0
Email 4400,20,11,22,8,7,3,161,2,12,26,43,13,1
Email 4401,0,2,2,0,0,0,6,0,0,2,2,2,0
Email 4402,24,15,33,9,9,4,210,2,18,31,56,19,2
Email 4403,32,33,4,25,13,20,242,17,3,61,25,41,18
Email 4404,22,14,26,8,7,4,188,2,14,29,48,16,2
Email 4405,5,5,1,3,0,1,33,3,0,4,3,3,1
Email 4406,6,5,4,6,12,5,75,7,1,8,18,4,1
Email 4407,9,2,1,3,2,0,20,0,0,0,2,0,0
Email 4408,2,1,4,0,1,2,20,0,0,1,3,4,1
Email 4409,7,14,6,1,11,1,80,4,1,9,12,9,1
Email 4410,4,0,1,0,5,0,28,0,0,6,3,0,0
Email 4411,0,0,1,0,0,0,10,0,0,0,1,1,0
Email 4412,87,85,17,45,45,55,527,17,4,152,100,70,22
Email 4413,1,0,1,2,0,0,27,1,0,4,6,0,0
Email 4414,1,2,1,0,2,0,31,4,0,3,7,1,1
Email 4415,15,12,4,7,4,10,161,3,1,19,26,24,3
Email 4416,9,5,2,3,2,6,85,1,1,13,17,10,0
Email 4417,6,24,7,5,3,5,455,2,2,60,59,42,1
Email 4418,3,4,1,1,1,1,23,1,0,1,4,0,0
Email 4419,39,28,12,38,11,27,330,6,1,87,57,27,7
Email 4420,0,3,2,1,0,1,19,0,0,2,1,1,0
Email 4421,1,3,1,2,2,2,26,4,1,5,2,6,2
Email 4422,3,0,1,0,2,3,14,4,0,7,1,0,0
Email 4423,1,4,3,1,1,0,16,0,0,6,2,0,0
Email 4424,2,2,1,2,0,1,23,0,2,7,4,1,0
Email 4425,33,12,12,8,9,4,170,5,5,31,32,13,3
Email 4426,0,0,1,0,1,0,3,0,0,0,0,0,0
Email 4427,0,3,2,0,2,0,16,0,0,1,7,1,0
Email 4428,3,0,3,0,0,0,20,5,0,7,3,0,0
Email 4429,36,16,15,8,10,5,208,6,8,38,35,14,4
Email 4430,41,43,20,36,17,47,381,9,1,115,69,44,21
Email 4431,0,6,1,2,1,9,42,2,0,0,1,5,2
Email 4432,0,2,1,0,2,1,9,1,0,2,2,1,1
Email 4433,0,0,1,0,1,0,3,0,0,0,0,0,0
Email 4434,3,1,1,0,3,0,15,1,0,1,1,0,0
Email 4435,8,7,4,0,6,2,34,1,2,13,16,7,3
Email 4436,3,4,6,2,6,3,50,1,2,5,17,6,1
Email 4437,2,1,2,6,0,0,42,2,0,13,6,5,3
Email 4438,0,4,2,0,1,0,11,0,0,0,8,0,0
Email 4439,1,4,1,2,1,0,31,1,0,1,0,3,0
Email 4440,6,5,4,2,0,9,57,3,1,0,7,4,0
Email 4441,8,12,1,5,4,12,89,5,0,11,6,1,0
Email 4442,4,7,3,5,3,3,44,5,3,14,7,3,0
Email 4443,6,4,2,2,6,1,63,2,0,14,13,3,1
Email 4444,16,2,1,0,2,4,66,3,4,2,5,4,0
Email 4445,0,3,2,0,2,0,15,0,0,1,7,1,0
Email 4446,33,26,7,21,9,16,242,6,2,59,37,25,9
Email 4447,0,0,1,0,1,0,3,0,0,0,0,0,0
Email 4448,0,4,4,0,2,0,11,0,1,1,11,1,0
Email 4449,25,17,39,10,11,4,233,2,22,32,68,21,2
Email 4450,0,0,1,0,0,0,5,0,0,0,0,1,1
Email 4451,8,10,4,1,6,3,43,1,2,7,12,4,1
Email 4452,2,3,1,2,0,9,49,1,0,1,2,3,0
Email 4453,3,6,1,1,3,2,18,0,1,5,0,2,1
Email 4454,2,3,3,0,0,0,9,0,0,4,1,0,0
Email 4455,2,3,2,2,1,3,32,2,1,9,10,11,4
Email 4456,20,19,1,3,11,23,135,9,1,40,22,14,1
Email 4457,0,0,1,0,1,0,3,0,0,0,0,0,0
Email 4458,0,5,2,0,2,0,16,0,3,1,7,1,0
Email 4459,0,0,2,0,0,0,1,0,0,0,0,0,0
Email 4460,18,17,29,6,8,12,170,2,17,24,41,24,1
Email 4461,13,12,20,3,7,10,121,1,12,19,28,17,0
Email 4462,9,9,11,1,5,4,82,1,7,14,22,11,0
Email 4463,37,16,5,22,5,19,228,6,2,57,40,24,6
Email 4464,0,0,1,0,0,0,5,1,0,0,0,0,0
Email 4465,5,4,1,6,5,8,59,0,2,24,14,12,0
Email 4466,2,1,2,0,0,0,21,1,2,4,4,2,0
Email 4467,5,5,5,0,2,3,31,7,0,10,5,3,1
Email 4468,2,4,1,1,0,2,21,1,0,3,2,1,0
Email 4469,0,0,1,0,0,0,7,0,0,0,0,0,0
Email 4470,2,5,1,1,1,1,22,7,1,6,4,2,0
Email 4471,2,10,6,1,1,0,48,0,6,5,20,1,0
Email 4472,37,27,6,22,11,24,221,1,1,72,38,20,2
Email 4473,5,5,3,5,3,3,38,2,0,8,8,6,1
Email 4474,0,0,1,0,1,0,3,0,0,0,0,0,0
Email 4475,4,2,1,2,1,4,34,5,0,12,4,1,0
Email 4476,0,0,1,0,0,0,4,0,0,2,3,0,0
Email 4477,0,3,2,0,2,0,15,0,0,1,7,1,0
Email 4478,5,3,1,3,0,1,34,3,1,7,5,1,0
Email 4479,0,0,1,0,1,0,1,2,0,1,3,0,0
Email 4480,10,12,26,3,12,1,135,1,14,13,16,17,2
Email 4481,0,0,1,0,0,0,0,0,0,0,0,0,0
Email 4482,11,16,6,6,11,5,118,7,2,22,40,13,6
Email 4483,0,2,3,5,1,2,30,0,1,3,4,5,1
Email 4484,3,2,1,1,0,0,13,1,0,3,0,2,0
Email 4485,1,3,1,1,3,2,42,2,1,6,9,6,3
Email 4486,0,2,3,5,1,2,35,0,1,3,4,5,1
Email 4487,1,5,1,1,0,4,33,2,1,1,4,6,2
Email 4488,3,4,2,0,1,0,36,1,0,6,12,2,1
Email 4489,15,13,5,11,5,15,138,18,1,25,20,14,1
Email 4490,0,0,1,0,1,0,3,0,0,0,0,0,0
Email 4491,11,13,26,3,11,2,142,1,13,15,16,16,2
Email 4492,7,3,1,3,3,2,43,3,0,8,5,2,2
Email 4493,3,8,2,3,3,2,76,4,2,16,28,16,7
Email 4494,2,0,1,1,1,0,9,1,0,2,0,0,0
Email 4495,0,0,1,1,2,2,7,0,0,0,3,1,1
Email 4496,3,0,1,1,0,1,13,1,0,2,3,4,0
Email 4497,12,1,1,6,3,9,24,0,0,8,2,9,1
Email 4498,0,0,1,0,1,0,3,0,0,0,0,0,0
Email 4499,0,0,1,0,0,0,7,0,0,0,0,0,0
Email 4500,8,2,1,4,2,2,32,5,0,4,6,3,0
Email 4501,4,2,1,0,4,0,30,0,4,2,8,3,1
Email 4502,4,0,1,0,1,0,21,0,1,3,1,1,0
Email 4503,9,0,2,1,0,1,22,1,0,3,5,2,1
Email 4504,3,5,3,1,3,2,29,0,1,2,7,3,1
Email 4505,21,15,5,8,5,8,153,7,1,35,14,17,5
Email 4506,7,8,3,1,1,2,39,0,0,12,10,4,2
Email 4507,8,3,1,2,3,2,26,0,0,4,4,6,1
Email 4508,3,2,1,1,2,0,20,0,0,1,1,0,0
Email 4509,0,0,1,0,1,0,3,0,0,0,0,0,0
Email 4510,3,8,1,1,2,0,53,4,0,11,9,6,1
Email 4511,0,3,2,0,2,0,16,0,0,1,7,1,0
Email 4512,3,0,1,2,1,0,16,1,0,0,1,2,0
Email 4513,0,1,1,2,0,1,20,1,0,4,2,1,1
Email 4514,3,1,2,0,0,0,10,0,0,0,1,0,0
Email 4515,2,3,1,2,0,2,20,1,0,2,3,0,0
Email 4516,2,0,1,1,0,1,22,2,0,1,1,3,2
Email 4517,2,0,3,0,1,1,16,0,1,2,0,1,0
Email 4518,1,0,1,1,1,1,8,1,0,1,1,0,0
Email 4519,3,3,1,1,0,2,31,1,0,4,5,1,0
Email 4520,6,3,1,1,0,0,34,0,2,6,4,0,0
Email 4521,0,0,1,0,1,0,3,0,0,0,0,0,0
Email 4522,7,3,1,0,3,1,19,0,1,0,4,2,1
Email 4523,5,10,3,1,6,0,71,1,4,7,12,4,2
Email 4524,3,6,1,4,2,2,41,8,0,8,3,3,0
Email 4525,7,12,15,1,11,0,98,3,12,11,24,8,3
Email 4526,5,13,6,2,7,2,108,3,4,10,14,8,2
Email 4527,5,1,6,1,4,1,13,1,3,2,3,0,0
Email 4528,1,0,1,0,0,1,1,0,0,0,1,0,0
Email 4529,7,5,1,3,2,3,32,9,3,10,3,1,0
Email 4530,0,0,1,0,1,0,3,0,0,0,0,0,0
Email 4531,3,1,1,0,3,0,12,1,0,7,3,2,0
Email 4532,6,5,2,5,2,1,40,5,0,9,6,7,0
Email 4533,2,0,1,0,2,0,3,0,0,1,0,0,0
Email 4534,0,0,1,0,1,0,3,0,0,0,0,0,0
Email 4535,6,9,77,2,1,0,101,2,37,18,41,11,0
Email 4536,26,15,24,9,11,5,183,2,19,39,42,30,6
Email 4537,40,33,7,21,9,21,241,7,2,76,50,23,6
Email 4538,20,7,1,6,9,7,94,1,3,16,17,6,1
Email 4539,30,62,5,36,14,12,847,13,9,90,122,74,16
Email 4540,0,0,1,0,1,0,3,0,0,0,0,0,0
Email 4541,1,0,1,0,0,0,8,0,0,0,0,0,0
Email 4542,11,9,1,1,1,4,47,1,1,12,9,4,2
Email 4543,13,17,1,5,4,1,94,3,2,20,10,10,3
Email 4544,0,0,1,0,1,0,3,0,0,0,0,0,0
Email 4545,15,11,8,1,14,2,146,2,1,13,13,8,3
Email 4546,3,0,1,1,2,0,16,2,0,2,1,1,1
Email 4547,11,39,3,8,3,5,432,0,1,63,65,29,0
Email 4548,18,7,1,12,4,7,94,6,1,17,8,4,0
Email 4549,3,4,1,2,2,0,29,1,0,1,2,0,0
Email 4550,0,3,2,0,2,0,17,0,0,1,8,1,0
Email 4551,1,1,2,0,0,1,17,0,0,4,4,2,0
Email 4552,0,2,3,5,1,2,36,1,2,3,4,4,0
Email 4553,0,0,1,0,1,0,3,0,0,0,0,0,0
Email 4554,9,9,1,4,3,7,51,8,1,11,7,6,3
Email 4555,13,14,14,4,1,2,105,2,4,10,34,4,1
Email 4556,3,3,3,1,0,0,12,0,0,3,2,0,0
Email 4557,10,5,3,0,5,2,49,2,2,5,8,9,0
Email 4558,15,18,3,12,6,22,210,28,3,29,49,16,10
Email 4559,18,14,4,3,5,0,93,1,2,7,14,3,1
Email 4560,0,0,1,0,1,0,3,0,0,0,0,0,0
Email 4561,7,3,7,1,0,0,46,1,2,6,8,0,0
Email 4562,9,21,7,9,8,9,417,0,0,53,47,37,1
Email 4563,2,0,2,2,3,1,33,1,1,0,3,4,1
Email 4564,12,8,2,1,1,4,47,2,0,7,5,5,0
Email 4565,0,3,2,0,2,0,15,0,0,1,8,1,0
Email 4566,0,1,2,4,0,4,17,0,0,2,1,0,0
Email 4567,0,0,1,0,1,0,3,0,0,0,0,0,0
Email 4568,4,2,1,1,0,3,22,2,0,7,9,3,0
Email 4569,0,3,2,0,2,0,16,0,0,1,8,1,0
Email 4570,11,21,1,10,10,13,186,3,0,40,39,7,1
Email 4571,0,0,1,0,0,0,3,0,0,0,1,0,0
Email 4572,5,4,1,0,1,5,26,1,0,3,3,6,1
Email 4573,2,2,1,0,2,2,16,1,0,3,1,2,0
Email 4574,1,0,1,1,2,0,11,0,1,1,2,0,0
Email 4575,0,0,1,0,1,0,3,0,0,0,0,0,0
Email 4576,1,0,1,1,1,0,22,0,1,1,1,1,1
Email 4577,3,7,1,1,1,6,19,7,0,7,1,2,1
Email 4578,3,3,6,0,2,0,46,1,1,8,9,5,2
Email 4579,8,11,15,0,11,0,92,2,11,8,25,6,2
Email 4580,2,0,1,2,1,0,25,1,2,1,5,2,0
Email 4581,1,0,1,1,3,0,11,1,1,1,4,3,1
Email 4582,4,3,1,2,1,1,22,1,0,4,3,4,2
Email 4583,17,5,4,4,4,2,91,2,1,15,21,10,2
Email 4584,3,7,1,2,3,1,30,5,0,12,6,1,0
Email 4585,11,6,8,0,7,2,62,3,4,8,14,9,4
Email 4586,9,4,2,0,5,2,40,3,0,7,10,7,2
Email 4587,0,3,2,0,2,0,15,0,0,1,8,1,0
Email 4588,0,0,1,0,1,0,3,0,0,0,0,0,0
Email 4589,1,2,1,1,2,0,29,4,1,3,4,1,1
Email 4590,2,7,4,0,2,2,29,3,0,8,18,3,0
Email 4591,0,5,2,0,1,0,14,0,0,0,7,0,0
Email 4592,5,3,1,2,1,0,32,4,0,9,11,2,2
Email 4593,6,2,7,3,5,0,49,2,4,5,9,5,1
Email 4594,4,12,5,3,3,1,49,2,1,8,14,7,4
Email 4595,6,3,1,1,1,2,18,0,0,3,2,1,0
Email 4596,4,2,1,1,0,0,27,2,0,7,6,5,0
Email 4597,0,0,1,0,0,0,1,0,0,0,0,0,0
Email 4598,8,8,3,5,4,7,65,6,3,10,8,12,1
Email 4599,2,5,5,3,2,2,105,2,1,21,10,10,5
Email 4600,10,14,6,7,13,7,124,9,4,25,35,15,8
Email 4601,3,2,1,1,1,0,23,3,0,4,4,5,1
Email 4602,78,69,23,48,38,51,543,7,4,146,103,60,17
Email 4603,0,0,1,0,1,0,3,0,0,0,0,0,0
Email 4604,0,3,2,0,2,0,14,0,0,1,8,1,0
Email 4605,3,16,6,6,19,2,126,8,3,17,19,8,2
Email 4606,1,2,1,0,1,2,12,0,0,1,3,2,0
Email 4607,2,20,9,4,27,1,141,12,2,23,23,6,1
Email 4608,1,0,1,0,1,0,5,0,0,1,0,0,0
Email 4609,3,1,1,1,2,0,17,1,0,4,2,1,0
Email 4610,7,15,9,4,3,1,81,2,2,12,23,12,6
Email 4611,0,2,3,5,1,2,32,0,1,3,4,7,0
Email 4612,17,43,14,15,13,11,222,9,3,78,81,17,6
Email 4613,5,14,9,3,3,1,71,2,2,10,22,9,5
Email 4614,3,3,1,1,2,1,9,0,0,4,4,0,0
Email 4615,7,12,2,6,3,2,57,8,0,15,7,5,0
Email 4616,0,0,1,0,1,0,3,0,0,0,0,0,0
Email 4617,3,0,1,2,2,0,21,1,1,3,5,2,0
Email 4618,7,4,2,0,1,3,24,3,3,6,13,4,1
Email 4619,1,1,1,0,2,1,9,0,0,2,2,0,0
Email 4620,3,1,1,2,2,0,22,0,0,7,4,3,0
Email 4621,0,1,2,0,0,0,14,0,1,4,3,1,0
Email 4622,3,4,1,2,2,0,39,4,0,4,1,3,2
Email 4623,0,1,1,1,1,0,9,0,0,1,0,1,0
Email 4624,0,0,1,0,1,0,3,0,0,0,0,0,0
Email 4625,9,2,1,5,12,3,67,1,0,30,18,15,0
Email 4626,5,2,1,1,2,0,22,0,0,1,1,1,0
Email 4627,3,3,1,1,4,0,22,0,1,11,3,2,2
Email 4628,3,1,1,4,6,1,34,1,0,8,11,3,2
Email 4629,2,4,2,1,3,1,16,5,1,6,0,0,0
Email 4630,0,0,1,0,1,0,3,0,0,0,0,0,0
Email 4631,9,7,12,0,5,5,47,1,6,12,10,5,0
Email 4632,3,6,18,2,5,1,102,2,9,7,35,12,0
Email 4633,4,1,1,3,0,0,18,0,0,4,1,1,0
Email 4634,2,2,1,3,0,1,11,0,0,1,3,1,1
Email 4635,3,12,6,1,6,1,53,3,5,13,29,2,0
Email 4636,0,0,1,0,1,0,3,0,0,0,0,0,0
Email 4637,0,1,1,0,0,0,22,0,2,9,3,2,1
Email 4638,1,1,2,0,0,0,4,0,0,1,1,1,0
Email 4639,0,0,1,0,1,0,2,0,0,0,0,0,0
Email 4640,1,1,1,0,1,0,10,0,1,1,4,1,0
Email 4641,14,15,3,13,9,6,104,0,0,40,44,11,4
Email 4642,14,11,1,5,4,6,72,8,3,17,7,2,0
Email 4643,11,19,1,10,10,15,188,3,0,42,40,7,1
Email 4644,3,1,2,1,2,0,27,0,0,0,9,0,0
Email 4645,2,6,2,2,1,1,34,0,0,9,3,3,1
Email 4646,7,6,4,0,1,2,27,0,0,6,4,1,0
Email 4647,12,26,5,9,10,5,125,13,1,22,40,16,8
Email 4648,22,10,1,16,6,5,178,5,1,39,12,4,0
Email 4649,0,4,2,0,2,0,14,0,0,0,6,1,0
Email 4650,31,7,1,5,4,6,74,3,1,12,8,8,1
Email 4651,13,2,3,5,2,4,58,2,0,10,11,9,0
Email 4652,62,52,8,28,11,35,333,7,2,107,70,29,6
Email 4653,1,1,1,4,1,1,28,7,2,3,5,0,0
Email 4654,7,10,5,7,1,2,110,5,0,11,22,10,6
Email 4655,1,2,1,0,1,1,14,0,0,1,2,3,0
Email 4656,0,3,1,0,1,0,21,2,0,0,6,2,0
Email 4657,0,2,3,5,1,2,34,1,2,5,4,4,0
Email 4658,5,1,1,1,0,2,27,0,0,4,12,1,1
Email 4659,0,2,1,0,0,0,5,1,0,0,1,0,0
Email 4660,5,1,1,0,4,0,22,1,0,3,4,5,1
Email 4661,1,0,1,0,0,1,7,1,0,1,1,2,0
Email 4662,3,3,1,1,1,0,17,0,0,0,3,0,0
Email 4663,2,4,1,1,0,0,21,1,1,6,7,5,0
Email 4664,3,5,2,0,3,0,20,0,0,1,7,1,0
Email 4665,5,1,1,2,0,3,39,3,0,9,1,1,0
Email 4666,18,19,6,9,6,9,140,8,1,32,23,12,5
Email 4667,5,21,6,8,11,1,126,5,0,14,17,6,3
Email 4668,0,0,1,0,0,0,18,0,0,3,2,3,1
Email 4669,4,13,4,7,10,1,87,4,0,12,7,5,2
Email 4670,13,34,13,12,15,3,211,6,2,23,35,8,4
Email 4671,9,11,2,4,5,5,73,14,0,26,8,18,8
Email 4672,41,38,12,11,6,11,202,0,6,36,37,19,10
Email 4673,8,3,2,1,1,4,38,3,0,15,8,4,0
Email 4674,12,17,2,6,12,6,95,17,0,39,16,16,7
Email 4675,2,4,1,0,0,0,28,0,1,7,6,4,0
Email 4676,9,5,4,1,2,4,51,4,0,16,8,5,0
Email 4677,0,2,3,5,1,3,36,0,1,3,7,5,0
Email 4678,2,3,1,0,1,2,20,3,0,3,4,3,0
Email 4679,5,6,3,5,3,0,46,2,0,2,8,0,0
Email 4680,3,2,1,1,1,0,11,2,0,0,1,3,1
Email 4681,4,2,1,3,2,0,18,1,0,1,0,0,0
Email 4682,6,6,2,1,13,0,46,3,0,9,12,7,0
Email 4683,6,9,3,6,1,1,54,4,0,13,4,2,1
Email 4684,7,12,5,3,2,1,63,3,0,9,15,3,3
Email 4685,3,1,1,1,1,0,16,0,0,0,1,0,0
Email 4686,0,6,2,3,0,0,39,2,1,5,5,9,5
Email 4687,3,6,1,3,0,1,38,1,0,7,5,1,0
Email 4688,13,41,15,13,15,3,245,6,2,24,38,8,4
Email 4689,0,1,2,1,1,2,25,0,0,4,3,1,0
Email 4690,10,7,2,3,1,2,44,2,1,11,9,7,3
Email 4691,18,10,4,6,12,2,180,5,0,32,33,10,2
Email 4692,2,0,1,1,2,0,14,1,0,0,2,0,0
Email 4693,2,0,1,0,1,1,10,0,0,1,2,2,0
Email 4694,0,0,1,0,0,0,3,0,0,4,0,0,0
Email 4695,2,4,1,2,1,0,29,1,0,9,2,4,1
Email 4696,2,3,3,1,0,0,11,0,0,5,1,0,0
Email 4697,5,4,1,5,4,3,61,3,0,11,8,3,0
Email 4698,10,5,1,2,1,2,39,8,0,8,5,2,1
Email 4699,14,7,5,4,5,2,73,2,3,15,8,9,2
Email 4700,9,6,4,3,4,1,39,2,3,9,7,5,2
Email 4701,4,10,7,3,4,0,105,3,0,27,15,18,2
Email 4702,5,9,3,2,3,0,56,1,1,11,3,5,1
Email 4703,2,1,1,4,4,1,23,0,0,5,2,0,0
Email 4704,2,5,2,0,2,0,24,1,0,4,9,6,2
Email 4705,6,12,9,3,7,0,142,3,0,30,24,22,2
Email 4706,58,33,11,30,13,25,284,1,0,51,40,24,8
Email 4707,5,4,3,3,2,0,44,3,0,8,3,4,0
Email 4708,4,11,1,6,2,0,74,16,1,17,10,5,1
Email 4709,25,26,1,3,1,5,105,15,0,26,24,21,1
Email 4710,1,4,1,0,1,1,22,3,0,2,2,2,1
Email 4711,4,4,3,0,4,0,51,3,3,5,9,6,4
Email 4712,1,0,1,0,0,0,5,1,0,1,1,0,0
Email 4713,4,6,5,0,4,0,75,3,3,10,9,10,6
Email 4714,11,19,1,10,9,13,176,3,0,39,33,7,1
Email 4715,2,0,3,2,1,4,16,1,0,0,2,0,0
Email 4716,11,15,3,1,13,12,72,7,7,12,18,8,3
Email 4717,12,8,6,4,5,1,74,2,3,12,8,6,2
Email 4718,40,28,4,21,12,12,260,24,4,78,50,20,4
Email 4719,7,5,1,3,6,0,35,3,1,10,5,2,1
Email 4720,8,8,3,5,4,7,59,6,3,11,9,10,1
Email 4721,0,0,1,0,0,0,5,0,0,0,2,2,0
Email 4722,2,4,1,0,0,3,11,3,0,4,3,0,0
Email 4723,6,5,5,3,9,0,85,5,1,2,24,1,0
Email 4724,31,26,2,15,7,36,232,4,6,68,39,26,7
Email 4725,1,2,1,0,1,0,17,1,0,2,8,2,0
Email 4726,10,12,4,4,4,1,87,2,0,15,18,2,1
Email 4727,2,0,2,1,0,3,25,0,0,6,5,0,0
Email 4728,3,3,2,1,0,1,25,0,0,4,8,0,0
Email 4729,4,5,3,4,1,0,46,2,0,14,4,6,1
Email 4730,2,3,1,0,0,0,12,3,0,5,0,1,1
Email 4731,9,11,3,2,6,2,123,21,1,29,27,4,0
Email 4732,10,12,4,1,3,4,74,0,0,6,17,3,0
Email 4733,16,8,2,7,4,6,67,4,2,18,8,13,1
Email 4734,0,0,1,0,0,0,8,0,0,0,1,0,0
Email 4735,2,0,1,1,1,1,31,0,2,6,6,0,0
Email 4736,4,3,1,0,1,1,14,0,0,0,3,2,0
Email 4737,11,16,6,6,11,5,112,7,2,23,36,13,6
Email 4738,3,7,4,3,1,3,65,6,0,9,7,4,3
Email 4739,0,0,1,0,0,0,5,0,0,0,0,0,0
Email 4740,12,12,3,11,7,5,97,5,0,20,14,8,0
Email 4741,11,9,5,8,5,3,73,6,0,24,15,7,0
Email 4742,4,11,2,4,3,5,81,6,1,13,18,4,1
Email 4743,7,7,2,6,5,1,52,7,0,10,10,4,1
Email 4744,13,10,5,11,21,5,136,4,0,39,37,21,2
Email 4745,0,1,1,0,0,0,5,0,0,3,0,0,0
Email 4746,0,0,1,0,1,1,9,1,0,2,2,1,0
Email 4747,0,1,1,0,1,0,9,0,0,2,1,0,0
Email 4748,1,4,3,0,0,0,35,1,0,3,16,0,0
Email 4749,2,3,3,0,1,1,32,6,1,6,1,5,0
Email 4750,15,41,16,15,20,3,267,6,4,31,44,13,6
Email 4751,7,15,3,8,7,3,98,21,1,25,21,9,5
Email 4752,0,1,1,0,0,0,5,1,0,0,0,0,0
Email 4753,0,1,1,0,0,0,5,1,0,0,0,0,0
Email 4754,2,1,2,6,1,4,52,2,0,16,6,8,2
Email 4755,3,4,1,1,3,0,14,6,0,1,0,2,0
Email 4756,5,6,1,1,3,2,28,5,0,8,8,3,1
Email 4757,12,15,3,10,6,4,136,17,5,21,42,12,4
Email 4758,13,9,7,4,6,1,91,3,3,13,9,8,3
Email 4759,0,3,1,0,0,0,4,1,0,2,2,1,1
Email 4760,11,9,3,11,8,5,152,2,1,24,15,10,2
Email 4761,0,0,1,0,0,0,3,1,0,2,0,0,0
Email 4762,0,4,1,0,1,0,20,3,1,5,5,1,0
Email 4763,18,10,2,5,3,0,73,3,7,16,16,12,5
Email 4764,1,10,1,3,4,0,45,15,0,14,4,5,1
Email 4765,2,4,1,0,1,0,22,1,2,4,5,6,2
Email 4766,1,1,1,1,2,0,31,4,1,2,4,2,1
Email 4767,2,4,2,1,3,0,35,2,0,1,7,2,2
Email 4768,0,3,1,0,1,0,11,0,0,2,0,1,0
Email 4769,5,7,1,5,3,1,52,7,0,12,11,6,3
Email 4770,34,17,3,8,2,4,69,2,1,22,12,12,3
Email 4771,0,1,1,0,1,0,15,4,0,2,3,0,0
Email 4772,3,6,3,1,1,0,33,0,0,7,8,4,0
Email 4773,1,4,1,2,1,0,25,1,0,1,2,0,0
Email 4774,1,1,1,1,2,0,33,4,1,2,6,1,1
Email 4775,1,8,2,0,2,1,27,5,0,9,6,0,0
Email 4776,19,14,3,6,6,0,89,4,8,17,22,13,6
Email 4777,2,5,1,2,0,1,33,0,0,7,8,0,0
Email 4778,11,11,4,4,3,9,69,8,2,12,9,13,2
Email 4779,6,0,1,1,3,0,19,0,1,4,1,2,1
Email 4780,13,12,1,12,6,5,82,20,1,18,13,4,1
Email 4781,2,2,1,1,3,1,51,2,0,4,14,1,0
Email 4782,11,50,11,5,1,4,204,0,1,38,42,20,0
Email 4783,1,0,1,0,0,0,2,0,0,0,0,0,0
Email 4784,0,4,1,1,2,0,29,2,1,1,9,6,2
Email 4785,0,0,1,0,0,0,3,0,0,2,0,0,0
Email 4786,9,17,4,5,7,2,83,9,0,29,18,1,1
Email 4787,0,5,3,1,2,0,62,0,0,9,6,7,0
Email 4788,27,12,5,15,17,6,182,7,1,23,25,16,3
Email 4789,0,0,1,0,0,0,9,1,0,0,1,1,1
Email 4790,12,11,3,7,2,4,61,6,0,16,6,7,1
Email 4791,2,1,2,2,0,0,16,0,0,0,2,1,1
Email 4792,5,12,2,14,9,4,65,5,1,8,13,9,3
Email 4793,35,25,2,17,15,8,162,6,1,12,11,14,4
Email 4794,7,8,3,5,4,7,62,6,3,10,12,11,1
Email 4795,8,4,1,1,1,1,20,6,3,4,1,0,0
Email 4796,6,5,1,3,3,1,44,9,1,7,5,3,0
Email 4797,0,1,1,1,1,2,34,2,0,11,3,4,1
Email 4798,4,0,1,2,1,0,13,0,1,0,1,0,0
Email 4799,2,2,1,2,0,0,21,0,0,1,1,1,0
Email 4800,9,4,3,8,2,3,84,2,0,10,11,9,3
Email 4801,1,9,3,3,2,3,89,0,0,32,13,9,1
Email 4802,27,17,5,12,6,6,135,5,2,20,29,18,4
Email 4803,13,7,4,13,4,5,65,1,0,17,13,11,2
Email 4804,7,2,3,2,0,1,55,3,0,8,6,4,1
Email 4805,30,20,7,12,7,6,163,5,2,21,33,21,5
Email 4806,3,6,1,4,2,2,37,8,0,8,3,3,0
Email 4807,18,9,2,12,19,10,167,9,0,25,27,11,3
Email 4808,8,10,2,3,7,8,79,2,2,15,19,10,1
Email 4809,3,2,1,0,1,0,21,3,0,6,4,2,1
Email 4810,1,2,2,1,0,0,3,0,0,0,0,0,0
Email 4811,3,4,1,2,1,1,26,3,0,6,4,6,1
Email 4812,19,17,5,4,2,0,93,6,1,8,20,2,1
Email 4813,7,4,3,3,1,4,31,2,1,4,1,7,1
Email 4814,2,2,3,2,0,2,25,1,0,3,2,3,2
Email 4815,0,0,1,1,1,1,2,0,0,1,1,1,0
Email 4816,2,0,1,0,4,2,21,2,0,4,5,0,0
Email 4817,17,13,3,5,4,7,76,3,2,19,11,7,1
Email 4818,11,10,4,7,4,4,109,5,3,30,34,10,2
Email 4819,5,1,1,1,4,2,34,8,0,6,11,1,0
Email 4820,2,0,1,0,1,0,3,1,0,1,2,0,0
Email 4821,37,27,15,18,12,13,226,2,3,63,81,29,5
Email 4822,0,0,1,1,0,0,7,4,0,4,0,0,0
Email 4823,6,5,4,3,1,3,63,2,2,9,12,9,4
Email 4824,0,0,1,1,0,0,7,4,0,4,0,0,0
Email 4825,20,25,7,9,7,0,296,5,2,48,45,12,4
Email 4826,7,9,6,3,2,3,91,4,2,13,14,9,4
Email 4827,2,3,1,2,2,2,23,4,0,6,3,6,2
Email 4828,21,17,9,7,8,4,147,4,9,25,9,12,5
Email 4829,12,11,5,4,7,3,99,4,8,18,6,6,3
Email 4830,106,69,19,25,11,34,309,8,3,63,94,35,7
Email 4831,2,5,3,1,1,3,56,1,1,6,8,2,0
Email 4832,1,2,1,0,2,0,11,3,0,2,1,1,1
Email 4833,2,3,1,1,0,1,13,5,0,3,2,2,0
Email 4834,8,5,2,4,3,2,76,2,0,7,7,9,3
Email 4835,2,2,2,4,7,1,60,0,0,21,3,5,0
Email 4836,10,7,3,8,3,5,99,0,0,14,40,6,1
Email 4837,11,3,1,2,3,1,37,2,0,4,7,3,2
Email 4838,90,49,5,32,12,26,350,27,5,88,52,47,4
Email 4839,0,3,3,0,1,0,10,1,0,4,5,2,0
Email 4840,4,1,1,1,6,0,32,0,0,2,6,3,2
Email 4841,11,12,4,4,3,8,69,8,2,13,9,12,2
Email 4842,5,5,1,1,1,1,34,1,0,4,6,1,0
Email 4843,3,2,2,1,2,3,25,0,1,9,3,5,0
Email 4844,38,35,6,16,9,7,207,9,1,36,47,18,6
Email 4845,12,5,7,3,7,5,65,6,0,4,14,6,1
Email 4846,29,37,3,32,22,7,228,24,4,42,25,25,14
Email 4847,6,2,1,4,3,0,33,1,1,11,7,5,0
Email 4848,28,17,16,12,15,14,164,14,1,18,27,32,4
Email 4849,11,20,2,4,8,9,128,33,4,25,32,14,2
Email 4850,0,0,3,2,0,5,18,2,0,7,1,4,2
Email 4851,3,1,3,0,3,1,30,8,0,3,5,2,1
Email 4852,1,2,1,0,0,1,8,2,0,0,1,2,0
Email 4853,1,0,1,0,1,0,2,0,0,0,0,2,1
Email 4854,7,8,3,5,4,6,63,6,3,10,10,12,1
Email 4855,32,15,3,8,4,10,124,4,3,19,20,10,3
Email 4856,0,0,1,0,0,0,3,0,0,1,0,0,0
Email 4857,4,0,1,0,4,0,27,1,0,7,10,0,0
Email 4858,3,1,1,0,1,0,11,2,0,0,1,4,1
Email 4859,1,2,2,1,1,2,25,5,0,6,4,1,1
Email 4860,0,0,1,0,4,0,4,0,0,0,0,0,0
Email 4861,9,6,4,2,1,6,40,1,0,8,8,5,2
Email 4862,7,9,2,4,5,1,40,5,2,7,7,3,0
Email 4863,3,5,1,1,3,1,22,4,0,3,5,1,0
Email 4864,2,6,1,4,1,1,52,4,0,14,9,8,0
Email 4865,5,4,1,3,1,0,29,3,0,7,4,4,2
Email 4866,3,2,1,0,0,1,23,0,0,7,3,2,0
Email 4867,2,0,1,3,2,0,20,1,0,2,3,1,1
Email 4868,4,3,1,0,1,2,13,1,0,4,3,1,0
Email 4869,3,2,1,0,1,0,17,6,0,7,5,0,0
Email 4870,2,2,2,0,0,0,25,0,0,3,5,1,0
Email 4871,3,1,1,2,3,0,20,0,1,1,3,1,1
Email 4872,5,5,1,5,4,2,60,3,0,11,8,4,0
Email 4873,56,35,4,9,0,17,198,3,7,51,33,18,3
Email 4874,3,2,1,1,1,2,15,1,0,1,3,4,0
Email 4875,2,1,1,0,1,0,4,1,0,2,2,1,0
Email 4876,3,6,1,5,4,4,53,7,1,17,12,4,1
Email 4877,2,5,1,3,2,1,30,4,0,8,2,2,0
Email 4878,0,0,1,0,0,0,0,0,0,0,0,0,0
Email 4879,1,1,5,1,1,1,25,0,0,4,3,6,0
Email 4880,18,15,2,1,4,14,120,5,0,15,21,10,5
Email 4881,34,25,4,16,20,19,214,21,6,45,43,31,15
Email 4882,11,15,6,10,13,7,129,8,2,24,31,16,7
Email 4883,9,5,1,0,1,5,42,5,0,7,5,2,2
Email 4884,9,7,3,6,4,4,56,1,1,6,12,9,3
Email 4885,0,0,1,1,1,0,9,0,0,5,1,3,0
Email 4886,3,2,7,1,1,1,37,0,2,5,4,9,0
Email 4887,4,2,2,1,2,1,23,1,0,3,5,5,1
Email 4888,0,0,1,0,0,0,0,0,0,1,3,0,0
Email 4889,12,6,5,4,3,12,109,5,0,15,23,11,2
Email 4890,0,1,1,0,2,5,15,0,0,0,4,5,0
Email 4891,5,3,2,3,1,4,39,0,3,5,3,2,0
Email 4892,6,3,3,2,1,2,44,3,0,8,8,1,0
Email 4893,19,10,3,11,5,9,99,7,0,21,21,11,4
Email 4894,50,43,17,26,23,35,358,6,5,125,80,46,18
Email 4895,10,7,3,5,5,1,83,8,0,18,13,10,1
Email 4896,0,9,2,3,0,0,29,2,1,1,2,5,2
Email 4897,10,12,6,12,1,4,149,5,0,18,19,17,7
Email 4898,1,0,1,2,0,0,16,1,0,0,0,3,0
Email 4899,72,45,3,26,6,23,395,13,2,60,60,39,10
Email 4900,14,5,2,3,2,0,38,2,0,6,5,3,0
Email 4901,48,54,3,30,23,34,310,23,7,68,88,41,9
Email 4902,3,3,3,3,2,1,47,3,0,6,3,2,2
Email 4903,2,2,2,3,2,0,34,2,0,4,3,2,2
Email 4904,2,4,2,1,3,1,23,3,2,5,5,4,0
Email 4905,27,47,11,42,12,10,1450,1,0,158,136,84,3
Email 4906,2,1,1,2,1,0,39,1,1,3,5,5,0
Email 4907,6,8,1,1,0,2,33,4,1,7,3,4,1
Email 4908,0,0,1,0,0,0,3,0,0,0,0,0,0
Email 4909,0,6,1,0,0,0,17,1,0,2,1,4,1
Email 4910,0,6,1,0,0,0,20,1,0,0,2,3,1
Email 4911,2,3,1,3,0,0,19,0,1,0,2,5,0
Email 4912,14,20,5,8,4,4,193,5,0,46,32,24,8
Email 4913,4,4,2,2,0,1,23,1,1,2,1,2,0
Email 4914,2,5,1,1,3,0,48,3,0,16,11,4,2
Email 4915,36,34,10,24,9,16,268,18,2,53,47,36,14
Email 4916,2,4,2,0,0,4,27,2,1,5,6,4,2
Email 4917,48,29,5,32,9,20,255,1,1,79,59,31,7
Email 4918,14,28,9,9,4,4,265,6,0,55,39,33,12
Email 4919,2,4,1,0,2,0,18,0,0,4,3,3,1
Email 4920,12,10,1,4,2,3,53,2,0,9,9,4,2
Email 4921,16,18,1,3,0,4,67,2,1,12,19,14,6
Email 4922,12,11,7,10,10,7,128,7,1,22,32,14,6
Email 4923,4,3,1,2,2,0,16,0,0,1,2,0,0
Email 4924,6,14,2,2,5,6,98,11,1,14,19,9,1
Email 4925,52,27,6,23,16,15,287,4,2,64,47,31,13
Email 4926,1,1,1,0,1,0,11,0,0,3,1,1,0
Email 4927,0,9,5,6,0,1,105,1,1,28,6,9,2
Email 4928,0,0,1,0,0,0,2,0,0,0,2,0,0
Email 4929,23,15,6,3,0,8,92,2,0,10,19,0,0
Email 4930,2,1,1,1,1,1,9,0,0,0,2,5,0
Email 4931,4,3,4,3,6,6,37,5,0,3,7,8,1
Email 4932,17,26,1,5,4,5,100,18,1,17,37,6,2
Email 4933,32,19,5,10,7,13,222,0,2,49,63,26,3
Email 4934,5,8,4,1,2,0,38,1,0,9,10,5,0
Email 4935,18,13,6,8,12,8,115,7,2,28,37,16,7
Email 4936,1,1,1,0,1,0,12,0,0,2,3,1,0
Email 4937,0,0,1,0,1,0,15,0,0,0,1,3,2
Email 4938,1,1,2,0,0,0,24,0,0,3,6,0,0
Email 4939,0,2,1,1,3,0,66,0,0,12,11,8,0
Email 4940,3,2,2,1,2,1,27,1,0,3,5,6,1
Email 4941,4,11,4,5,2,2,69,9,2,15,14,7,2
Email 4942,4,11,5,8,2,0,55,7,1,10,12,1,1
Email 4943,0,2,2,1,2,1,32,0,0,4,1,0,0
Email 4944,7,4,3,3,1,4,31,2,1,4,1,7,1
Email 4945,2,3,1,2,1,0,18,0,0,3,4,1,1
Email 4946,63,31,8,14,5,26,257,6,0,43,35,22,6
Email 4947,13,5,1,10,5,9,84,7,0,21,23,14,4
Email 4948,4,1,1,0,2,0,16,1,1,1,3,0,0
Email 4949,6,10,7,2,7,1,58,7,1,15,19,1,1
Email 4950,31,40,15,27,15,9,237,16,1,56,56,23,9
Email 4951,40,6,4,6,5,11,130,3,0,31,30,13,3
Email 4952,8,3,2,4,0,2,58,2,0,7,5,6,0
Email 4953,0,0,1,0,0,0,3,0,0,0,1,0,0
Email 4954,5,4,3,2,2,0,33,1,0,7,4,3,1
Email 4955,19,29,6,19,11,9,165,15,4,30,45,18,9
Email 4956,2,0,1,1,1,0,8,0,0,3,2,2,0
Email 4957,5,10,2,8,2,0,63,1,0,14,4,6,3
Email 4958,13,5,3,5,8,16,136,1,0,30,32,19,1
Email 4959,6,3,2,2,1,4,38,2,0,12,10,7,0
Email 4960,2,6,1,3,0,3,25,4,0,2,1,3,1
Email 4961,18,17,8,13,4,7,139,18,0,26,23,8,0
Email 4962,1,0,1,2,2,0,11,0,0,0,1,0,0
Email 4963,67,49,9,27,26,18,436,8,4,107,81,62,33
Email 4964,13,17,5,9,11,5,117,11,1,24,38,15,7
Email 4965,7,8,3,3,4,3,44,2,0,12,4,9,0
Email 4966,4,2,3,1,1,2,17,0,0,7,7,0,0
Email 4967,8,12,3,4,8,0,109,7,0,18,24,18,2
Email 4968,10,11,3,4,5,2,76,2,1,16,13,5,3
Email 4969,0,1,1,1,0,0,30,0,1,2,4,1,0
Email 4970,82,67,15,35,32,19,621,8,4,137,109,78,36
Email 4971,1,2,2,1,0,1,28,0,1,5,1,0,0
Email 4972,2,3,1,1,1,0,10,0,0,0,1,0,0
Email 4973,3,1,1,0,0,0,19,1,1,3,5,2,1
Email 4974,34,28,8,10,3,4,254,9,2,45,44,29,5
Email 4975,8,33,6,7,5,3,184,9,0,17,26,16,11
Email 4976,3,26,4,5,5,3,143,7,0,15,23,14,9
Email 4977,2,1,1,0,0,1,9,0,0,3,1,2,0
Email 4978,1,2,1,1,1,0,20,5,0,4,2,2,0
Email 4979,36,46,7,41,26,22,345,19,1,82,75,32,4
Email 4980,2,1,1,2,0,1,16,1,0,2,4,2,1
Email 4981,4,13,2,3,0,5,72,6,0,8,5,5,1
Email 4982,2,0,1,0,0,1,14,2,0,2,7,5,0
Email 4983,11,18,5,5,5,3,133,5,1,25,17,9,4
Email 4984,10,17,6,11,11,8,133,11,1,28,33,13,6
Email 4985,1,1,1,1,1,2,20,0,2,5,2,2,0
Email 4986,37,23,5,19,2,14,245,0,3,71,34,22,1
Email 4987,5,8,3,2,7,0,48,1,2,17,9,3,1
Email 4988,17,9,2,7,4,6,71,4,2,19,9,13,2
Email 4989,5,6,1,0,1,0,38,0,1,7,4,6,1
Email 4990,28,20,5,14,9,26,199,25,3,40,40,9,6
Email 4991,3,1,1,1,0,0,19,4,1,4,4,2,1
Email 4992,23,26,4,11,14,12,241,18,0,66,60,22,6
Email 4993,3,14,2,5,2,2,47,8,0,20,16,11,2
Email 4994,1,4,1,0,1,2,30,3,0,9,4,2,1
Email 4995,3,4,3,4,5,1,48,0,2,4,16,16,4
Email 4996,20,6,3,1,1,1,34,0,0,15,18,2,0
Email 4997,0,7,1,0,0,0,20,1,1,0,2,3,1
Email 4998,6,8,1,3,2,1,64,7,1,16,13,4,1
Email 4999,8,6,2,5,6,1,51,4,0,4,9,10,5
Email 5000,13,12,3,7,6,4,96,9,1,10,15,11,7
Email 5001,8,15,2,6,2,5,85,6,0,26,12,5,1
Email 5002,0,0,1,1,0,0,1,0,0,0,1,0,0
Email 5003,1,1,1,1,1,0,12,0,0,0,1,0,0
Email 5004,38,38,4,21,3,5,193,20,4,37,36,19,4
Email 5005,5,4,1,2,1,3,57,0,0,10,9,2,0
Email 5006,4,9,1,2,3,3,38,3,2,14,5,8,1
Email 5007,5,1,1,1,1,2,21,3,1,2,6,2,1
Email 5008,0,5,2,2,3,0,24,3,0,4,3,2,0
Email 5009,0,2,1,2,2,3,28,0,0,7,10,7,0
Email 5010,14,15,4,5,2,2,68,0,0,13,8,6,1
Email 5011,0,0,1,0,0,0,2,0,0,0,0,0,0
Email 5012,13,12,1,8,4,6,91,11,1,33,19,10,2
Email 5013,8,8,2,5,3,3,44,2,0,11,9,1,1
Email 5014,50,22,8,18,16,20,244,0,0,65,41,21,1
Email 5015,2,0,1,1,0,0,4,1,0,1,0,2,0
Email 5016,4,3,1,0,2,3,36,2,0,9,11,11,5
Email 5017,3,5,1,2,3,1,64,3,0,6,9,10,6
Email 5018,0,0,1,0,1,0,7,1,0,2,0,0,0
Email 5019,25,27,3,6,8,7,110,5,0,20,11,10,0
Email 5020,0,2,1,3,0,0,17,0,0,2,3,0,0
Email 5021,1,0,1,0,1,0,20,0,0,0,7,2,0
Email 5022,10,10,3,2,1,1,81,0,1,8,13,3,0
Email 5023,5,19,4,13,5,14,183,9,2,26,28,19,4
Email 5024,18,11,4,4,5,2,95,6,3,32,12,5,3
Email 5025,28,30,4,9,8,8,129,5,0,23,13,12,2
Email 5026,8,5,1,0,2,0,45,0,0,5,1,4,2
Email 5027,11,5,1,1,2,2,36,3,1,4,1,0,0
Email 5028,6,2,1,1,1,2,8,3,1,2,0,0,0
Email 5029,6,13,3,2,5,2,104,3,0,11,12,12,6
Email 5030,19,15,4,8,4,6,138,4,0,38,18,12,2
Email 5031,7,8,1,3,2,1,59,6,1,9,9,7,0
Email 5032,1,1,1,0,1,0,8,2,0,3,1,2,1
Email 5033,9,11,4,1,2,2,55,13,0,13,18,7,2
Email 5034,8,10,2,0,5,1,55,6,0,12,8,11,3
Email 5035,17,15,3,21,4,8,374,0,7,35,105,17,2
Email 5036,29,26,2,20,7,18,282,6,2,78,25,21,7
Email 5037,17,15,2,21,4,8,374,0,7,35,103,16,2
Email 5038,3,4,2,1,1,0,23,2,0,2,2,2,0
Email 5039,2,1,1,2,0,0,17,0,0,0,2,2,0
Email 5040,5,3,1,0,2,3,34,2,0,8,10,11,4
Email 5041,5,6,2,4,2,2,45,3,0,6,16,7,0
Email 5042,0,0,1,0,0,0,0,0,0,0,0,0,0
Email 5043,19,34,5,18,5,6,421,16,0,55,59,29,3
Email 5044,0,0,1,0,0,0,1,0,0,0,1,1,1
Email 5045,11,10,7,8,9,3,132,22,1,23,22,12,2
Email 5046,4,5,3,1,2,2,43,2,0,5,6,2,0
Email 5047,0,3,1,1,4,0,25,1,0,1,1,0,0
Email 5048,5,4,1,1,1,5,45,4,1,11,9,5,1
Email 5049,11,10,7,8,9,3,132,22,1,23,22,12,2
Email 5050,9,12,3,6,2,0,63,11,0,25,6,3,0
Email 5051,0,2,1,3,0,1,21,1,0,1,4,0,0
Email 5052,24,17,7,5,11,3,86,16,1,42,47,12,8
Email 5053,25,22,5,13,8,8,156,8,0,25,25,15,4
Email 5054,3,3,1,1,2,0,16,1,0,2,1,0,0
Email 5055,2,1,3,0,0,0,17,1,0,3,0,0,0
Email 5056,5,1,1,2,1,2,15,1,0,3,2,2,2
Email 5057,5,3,2,0,0,0,26,2,0,4,4,0,0
Email 5058,10,3,1,3,2,2,45,3,0,15,5,9,1
Email 5059,29,15,4,23,16,24,206,2,1,65,75,6,3
Email 5060,11,11,5,6,10,5,112,7,1,35,30,13,6
Email 5061,57,47,13,33,16,34,300,9,4,81,90,22,6
Email 5062,2,2,1,0,0,1,11,1,0,0,0,0,0
Email 5063,6,8,2,2,2,0,47,1,1,12,12,1,0
Email 5064,8,8,3,2,2,6,68,5,1,15,12,5,1
Email 5065,3,5,2,1,1,1,35,2,0,8,6,2,0
Email 5066,0,1,1,1,0,0,8,1,0,4,0,1,0
Email 5067,17,14,3,8,6,17,83,5,2,27,27,14,7
Email 5068,3,2,1,1,1,2,10,5,0,8,3,1,0
Email 5069,53,49,3,25,47,30,433,0,2,78,102,26,4
Email 5070,1,1,1,0,0,0,1,1,0,0,2,0,0
Email 5071,0,1,1,0,2,1,17,1,1,2,4,0,0
Email 5072,0,1,1,0,0,0,2,1,0,0,1,0,0
Email 5073,6,7,2,1,3,0,60,1,0,7,7,6,3
Email 5074,11,17,1,7,2,6,105,2,0,30,38,7,2
Email 5075,11,4,2,3,2,3,51,2,0,12,7,7,3
Email 5076,2,12,4,2,3,3,82,3,1,18,20,13,5
Email 5077,5,4,1,0,2,3,36,2,0,9,10,11,5
Email 5078,15,6,2,6,7,3,52,6,1,17,9,7,3
Email 5079,5,3,1,1,1,0,16,4,0,4,5,3,0
Email 5080,7,10,3,1,4,0,132,1,0,15,12,10,4
Email 5081,3,5,1,3,0,2,24,2,2,4,3,0,0
Email 5082,12,6,4,3,5,1,47,5,1,18,2,2,2
Email 5083,0,1,1,0,2,0,12,2,0,1,7,1,0
Email 5084,6,2,2,5,0,1,31,0,1,11,4,1,0
Email 5085,0,2,2,0,0,0,14,0,0,6,4,2,0
Email 5086,10,18,10,6,4,4,156,6,2,28,21,11,8
Email 5087,1,2,1,3,0,0,20,2,0,1,3,3,0
Email 5088,9,13,6,2,3,2,89,2,1,17,7,6,5
Email 5089,1,4,1,2,1,0,32,1,0,4,4,0,0
Email 5090,0,1,1,1,0,0,8,1,0,4,0,1,0
Email 5091,16,2,1,1,6,4,47,5,0,14,2,5,2
Email 5092,24,12,4,2,6,4,92,7,0,23,42,2,2
Email 5093,25,25,6,3,12,5,145,2,0,24,28,25,6
Email 5094,4,7,3,3,0,2,72,1,1,7,11,5,1
Email 5095,34,23,4,27,16,21,268,13,1,79,69,28,10
Email 5096,16,8,2,7,4,6,67,4,2,19,8,12,1
Email 5097,53,50,6,21,12,14,296,14,2,57,67,16,3
Email 5098,2,1,1,0,3,1,16,0,0,0,4,4,0
Email 5099,8,10,2,3,7,7,78,2,2,15,17,9,1
Email 5100,1,5,1,4,5,2,36,8,1,8,5,0,0
Email 5101,5,9,1,3,4,5,55,2,1,10,13,7,0
Email 5102,34,25,3,19,7,12,158,11,4,32,22,7,3
Email 5103,0,0,1,0,0,1,1,0,0,0,0,0,0
Email 5104,4,5,1,0,2,3,23,2,0,1,1,4,3
Email 5105,0,0,1,0,0,0,0,0,0,0,0,0,0
Email 5106,10,9,7,3,2,5,54,10,2,13,17,4,1
Email 5107,33,34,8,23,20,10,267,13,1,56,66,17,6
Email 5108,4,1,3,1,0,0,22,3,1,4,6,2,0
Email 5109,3,2,3,2,2,1,39,1,0,6,2,2,1
Email 5110,6,7,2,1,3,3,45,5,2,8,7,7,0
Email 5111,1,0,1,2,1,1,14,0,0,1,1,0,0
Email 5112,3,1,2,4,0,0,32,3,0,5,1,0,0
Email 5113,7,6,2,2,0,2,56,2,1,21,18,1,0
Email 5114,8,9,2,3,3,3,56,2,0,6,3,8,5
Email 5115,23,24,3,20,7,13,398,3,4,70,70,29,3
Email 5116,7,9,2,0,2,3,58,4,0,5,8,9,3
Email 5117,2,0,1,1,1,1,10,1,0,1,3,4,1
Email 5118,7,7,2,2,2,3,53,2,0,2,5,8,3
Email 5119,17,9,2,7,4,6,68,4,2,18,9,13,2
Email 5120,15,17,4,5,3,1,171,4,3,31,16,20,7
Email 5121,10,9,3,2,3,0,103,2,2,18,10,8,1
Email 5122,5,14,4,1,0,0,98,2,2,20,8,6,0
Email 5123,0,1,1,1,0,0,20,0,0,5,2,4,2
Email 5124,3,9,3,1,0,0,75,2,2,14,8,5,0
Email 5125,4,9,3,3,0,2,31,1,0,5,5,0,0
Email 5126,5,12,3,1,2,3,63,1,0,18,9,8,1
Email 5127,17,21,5,5,3,2,213,4,3,38,18,24,7
Email 5128,11,5,1,10,0,3,45,1,2,13,4,1,1
Email 5129,5,8,10,1,0,0,40,3,1,14,22,2,0
Email 5130,16,14,4,7,7,13,107,3,3,38,32,13,4
Email 5131,2,6,2,3,1,0,33,0,0,8,6,6,3
Email 5132,3,1,2,4,0,0,30,3,0,2,1,0,0
Email 5133,13,11,3,5,3,6,83,2,1,15,11,7,2
Email 5134,7,12,4,2,2,2,70,1,0,9,10,16,1
Email 5135,34,24,2,11,17,6,123,3,1,30,19,13,3
Email 5136,0,1,1,0,1,1,56,0,0,23,6,1,0
Email 5137,1,4,1,2,0,1,15,1,0,1,0,0,0
Email 5138,5,4,1,0,0,2,12,6,0,4,3,5,0
Email 5139,49,15,2,16,19,16,191,6,1,39,32,15,1
Email 5140,33,31,4,24,17,9,228,12,1,55,32,23,5
Email 5141,46,36,4,33,17,11,300,15,1,80,47,23,4
Email 5142,32,29,2,21,15,8,182,10,1,49,28,20,4
Email 5143,2,1,1,0,1,1,20,0,0,0,7,1,0
Email 5144,37,23,3,12,4,14,144,0,2,30,34,23,6
Email 5145,1,0,2,5,0,0,39,3,0,6,4,2,0
Email 5146,2,0,1,2,7,1,68,1,0,10,11,2,0
Email 5147,0,3,2,0,0,0,7,0,0,1,1,0,0
Email 5148,21,20,2,0,4,4,84,3,2,15,14,7,2
Email 5149,12,6,1,2,5,1,61,1,1,9,9,2,0
Email 5150,10,9,4,7,2,0,107,2,1,20,15,1,0
Email 5151,16,10,3,14,13,7,161,5,0,26,31,15,2
Email 5152,4,4,1,3,2,0,49,1,1,9,6,0,0
Email 5153,2,7,3,0,2,3,37,0,0,13,18,0,0
Email 5154,1,2,4,3,1,0,25,1,0,2,5,8,0
Email 5155,3,5,1,2,1,1,28,2,0,4,6,4,1
Email 5156,7,5,1,0,4,1,36,4,0,12,2,3,2
Email 5157,4,13,1,0,3,1,48,2,0,8,26,9,1
Email 5158,14,10,4,3,6,2,107,1,1,13,15,4,0
Email 5159,2,1,1,0,1,1,16,0,1,2,4,3,0
Email 5160,2,13,1,0,2,1,38,2,0,7,24,6,1
Email 5161,10,5,2,5,2,2,61,6,0,14,13,15,2
Email 5162,59,30,4,16,9,31,195,0,2,40,56,17,2
Email 5163,2,3,1,2,1,2,32,0,0,7,3,2,0
Email 5164,0,0,1,0,0,0,1,0,0,0,0,0,0
Email 5165,21,18,3,1,6,4,106,1,2,18,11,4,3
Email 5166,1,0,1,0,3,1,12,1,0,2,2,1,0
Email 5167,1,0,1,1,0,0,4,0,0,0,0,1,0
Email 5168,2,2,2,3,0,0,32,0,0,5,6,1,0
Email 5169,35,27,11,2,6,5,151,4,3,23,18,6,3
Email 5170,0,0,1,1,0,0,11,0,0,1,1,3,1
Email 5171,2,7,1,0,2,1,28,2,0,8,11,7,1
Email 5172,22,24,5,1,6,5,148,8,2,23,13,5,4
